City Name,2023_Score_Max10000,2022_Score_Max7500,2020_Score_Max6000,2019_Score_5000,2018_Score,2017_Score,2016_Score,lat,lon
INDORE,9348.39,7146.41,5647.56,4659,3707,1808,1276,22.7197,75.8573
SURAT,9348.39,6924.84,5519.59,3861,3318,1762,1605,21.1702,72.8311
NAVI MUMBAI,9240.3,6852.91,5467.89,4129,3536,1705,1530,19.033,73.0296
VISAKHAPATNAM,8879.3,6701.18,4918.44,3744,3547,1797,1643,17.6868,83.2185
BHOPAL,8855.2,6608.41,5066.31,3794,3689,1800,1336,23.2599,77.4126
VIJAYAWADA,8751.3,6699.3,5270.32,3882,3580,1624,1284,16.5062,80.648
NEW DELHI (NDMC),8728.3,6550.04,5193.27,4191,3597,1708,1704,28.6139,77.209
GREATER HYDERABAD,8601.3,5612.68,4047.01,3455,3092,1605,1355,17.385,78.4867
PUNE,8595.2,5708.42,4477.31,3446,3471,1660,1533,18.5204,73.8567
RAIPUR,8540.2,5395.31,4098.72,3393,2904.415663,1175,818,21.2514,81.625
PIMPRI CHINCHWAD,8536.7,5051.48,3945.1,3228,2935,1320,1559,18.621,73.8003
AHMEDABAD,8041.5,5720.87,5207.13,4137,3373,1657,1452,23.0225,72.5714
GWALIOR,7994.7,5204.96,4696.36,3148,3083,1545,1235,26.228,78.182
JABALPUR,7760.9,4677.88,4368.55,3667,3096,1609,872,23.1645,79.9414
THANE,7520.3,5308.01,4606.35,3181,2967,1206,1367,19.2183,72.9781
RAJKOT,7465.8,5846,5157.36,4000,3000,1638,1574,22.3039,70.8022
NASHIK,7372.2,4991.86,4729.46,3093,2786,1106,1232,19.9975,73.7898
VADODARA,7344.2,5285.67,4870.34,3000,2925,1703,1511,22.3072,73.1812
GHAZIABAD,7222.5,5387.67,4283.26,3877,2993,672,820,28.4595,77.4
VARANASI,7107.1,4734.69,3684.2,3063,3052,1515,839,25.3176,82.9739
LUCKNOW,7009,5209.69,4728.28,3382.059701,2904.415663,860,1237,26.8467,80.9462
AURANGABAD,6737.8,4145.17,3729.63,3382.059701,2904.415663,794,981,19.8762,75.3433
KALYAN DOMBIVALI,6583.3,4383.47,4091,3013,2597,919,858,19.2183,73.1583
PRAYAGRAJ,6433,5267.06,4141.47,3382.059701,2904.415663,894,1323,25.4484,81.7302
KANPUR,6409.6,4165.43,3783.88,3113,2771,1053,1090,26.4499,80.3319
PATNA,6320.9,3337.28,1552.11,3382.059701,2904.415663,880,746,25.5941,85.1376
AGRA,6164.6,4441.29,4391.51,2970,2904.415663,879,1081,27.1767,78.0081
NAGPUR,6163.8,4171.92,4345.06,3160,2835,1158,1348,21.1458,79.0882
MEERUT,5850.4,5283.65,2314.59,3382.059701,2904.415663,708,760,28.9845,77.7066
BENGALURU,5520.1,2892.98,2656.82,3382.059701,2904.415663,968,1182,12.9716,77.5946
AMRITSAR,5181.8,4069.77,2459.31,3382.059701,2904.415663,883,1062,31.634,74.8723
RANCHI,4946.7,3068.1,3431,3319,3146,1204,874,23.3441,85.3094
VASAI VIRAR,4844.7,4306.77,3268.37,3448,2804,1142,1215,19.2844,72.8356
JAIPUR HERITAGE (MC),4685.5,4230.96,3757.284351,3382.059701,2904.415663,1092.744027,1190.857143,26.9124,75.7873
JAIPUR GREATER (MC),4679.6,3877.28,3660.39,3366,2971,954,1236,26.9124,75.7873
COIMBATORE,4496.6,2899.11,2337.12,3412,3292,1650,1361,11.0168,76.9558
GREATER MUMBAI,4446.2,4078.68,3106.39,3277,3175,1535,1534,19.076,72.8777
CHENNAI,4313.8,2866.14,2010.93,3118,2586,916,1194,13.0827,80.2707
LUDHIANA,4139.8,3005.07,3113.06,3382.059701,2904.415663,1139,1222,30.901,75.8573
DHANBAD,4060.7,3527.44,3226.31,3190,2848,1219,464,23.7957,86.4304
SRINAGAR,3932.4,2986.75,2905.58,3382.059701,2904.415663,909,1072,34.0837,74.7973
MADURAI,3011.2,2250.77,2255.81,3382.059701,2904.415663,1394,1245,9.9258,78.1198
FARIDABAD,2350.6,3492.94,2646.69,3382.059701,2904.415663,1277,1037,28.4082,77.3178
AMBIKAPUR,6593.857674,6365.01,5428.31,4394,3459,1653,1190.857143,21.0901,81.619
Karad,6593.857674,3728.456823,5366.05,3382.059701,2845,1092.744027,1190.857143,16.7128,74.1415
MYSORE,6593.857674,6566.44,5298.61,4379,3540,1743,1749,12.2958,76.6394
SASVAD,6593.857674,5534.61,5270.26,3728,2886,1092.744027,1190.857143,18.4422,73.8891
LONAVALA,6593.857674,5989.96,5187.78,4041,2960,1092.744027,1190.857143,18.7495,73.4094
CHANDRAPUR,6593.857674,5217.91,5178.93,3604,2610,1315,1190.857143,19.9506,79.2985
KHARGONE,6593.857674,5053.41,5158.36,3798,3297,1639,1190.857143,22.0048,75.6345
NAWANSHAHR,6593.857674,5198.03,5145.17,3556,2904.415663,1092.744027,1190.857143,31.1192,76.687
TIRUPATI,6593.857674,6583.71,5142.76,3382.059701,3576,1704,1190.857143,13.6288,79.4192
JAMSHEDPUR,6593.857674,5559.51,5133.2,3806,3047,1092.744027,827,22.8058,86.2029
PANHALA,6593.857674,5543.29,5120.94,3886,2773,1092.744027,1190.857143,16.7574,74.1381
JEJURI,6593.857674,4850.35,5110.78,3249,2904.415663,1092.744027,1190.857143,18.42,74.0951
SHIRDI,6593.857674,5127.72,5063.99,3382.059701,3055,1397,1190.857143,19.7652,74.4772
GANDHINAGAR,6593.857674,5476.8,5056.72,3757,3096,1613,1133,23.0225,72.5714
MAUDA CT,6593.857674,4499.27,5033.21,3382.059701,2904.415663,1092.744027,1190.857143,20.652,79.0882
CHANDIGARH,6593.857674,6208.52,4970.07,3787,3649,1701,1716,30.7333,76.7794
KAGAL,6593.857674,5305.27,4963.07,3466,2904.415663,1092.744027,1190.857143,16.75,74.25
RATNAGIRI,6593.857674,4991.09,4961.27,3516,2844,1092.744027,1190.857143,16.9955,73.3201
BRAHMAPURI,6593.857674,4855.93,4936.59,3382.059701,2904.415663,1092.744027,1190.857143,20.028,79.7937
VADGAON,6593.857674,5384.54,4901.25,3744,2904.415663,1092.744027,1190.857143,16.7592,74.0663
DHULE,6593.857674,4885.63,4896.99,2858,2664,1187,1190.857143,20.8572,74.5052
GADHINGLAJ,6593.857674,5436.57,4895.45,3481,2796,1092.744027,1190.857143,16.1612,74.1958
INDAPUR,6593.857674,5424.12,4888.36,3752,2778,1092.744027,1190.857143,17.5148,74.1233
RAJNANDGAON,6593.857674,4880.85,4887.5,3391,2807,1074,1190.857143,21.08,81.9585
BILASPUR,6593.857674,5407.03,4875.74,3617,3136,1039,1190.857143,22.0797,82.145
DEOLALI PRAVARA,6593.857674,5680.94,4849.85,3382.059701,2904.415663,1092.744027,1190.857143,19.9363,73.8358
UJJAIN,6593.857674,5775.76,4826.53,4244,3198,1691,1190.857143,23.1793,75.7846
RAIGARH,6593.857674,5116.84,4808.37,3374,2836,1223,1190.857143,21.79,82.2876
BURHANPUR,6593.857674,5004.88,4791.18,3382.059701,2644,1156,1190.857143,21.2651,76.211
RAJAPUR,6593.857674,5119.61,4767.52,3382.059701,2752,1092.744027,1190.857143,19.3024,73.0582
VITA,6593.857674,5772.55,4764.28,3970,2896,1092.744027,1190.857143,16.7628,74.1943
MURGUD,6593.857674,5406.54,4736.62,3599,2904.415663,1092.744027,1190.857143,16.8623,74.5335
PATAN (NP),6593.857674,6238.97,4732.12,3382.059701,2904.415663,1092.744027,1190.857143,24.41,75.74
SINGRAULI,6593.857674,5464.27,4703.93,3763,3122,1414,1190.857143,24.0193,82.6748
CHHINDWARA,6593.857674,5911.98,4691.03,3636,2944,1410,1190.857143,22.07,78.9341
DUNGARPUR (M),6593.857674,5290.87,4688.46,3382.059701,2904.415663,1092.744027,1190.857143,23.847,73.5781
SHAHGANJ,6593.857674,5107.87,4672.97,3923,2904.415663,1092.744027,1190.857143,25.8798,82.7383
KARNAL,6593.857674,4284.23,4655.07,3736,2958,1348,1190.857143,29.6839,76.99
JASHPUR NAGAR (M),6593.857674,5357.05,4623.17,3382.059701,2904.415663,1092.744027,1190.857143,22.2404,82.9749
NARKHED,6593.857674,5413.96,4622.2,3296,2904.415663,1092.744027,1190.857143,21.0577,78.3892
AMBARNATH,6593.857674,3280.78,4614.04,3575,2904.415663,1272,1190.857143,19.1571,73.1431
MIRA-BHAYANDAR,6593.857674,5967.4,4608.14,3622,2903,1172,1190.857143,19.2189,72.8555
PANVEL,6593.857674,5583.64,4599.74,2969,2619,1065,1190.857143,19.0408,73.1206
MATHERAN,6593.857674,4733.22,4599.28,3382.059701,2892,1092.744027,1190.857143,18.9883,73.2762
MALKAPUR_S,6593.857674,5426.45,4596.7,3231,2904.415663,1092.744027,1190.857143,20.4722,76.1561
NARHARPUR (NP),6593.857674,4390.6,4586.4,3382.059701,2904.415663,1092.744027,1190.857143,22.173,82.1953
KHANDWA,6593.857674,5702.29,4560.77,2908,2588,1319,1190.857143,21.8393,76.2005
JALNA,6593.857674,3365.6,4535.17,3382.059701,2904.415663,626,1190.857143,19.858,75.8845
PITHAMPUR,6593.857674,5478.74,4534.9,3273,2796,1352,1190.857143,22.5444,75.8105
BALLARPUR,6593.857674,5207.35,4534.22,3382.059701,2904.415663,1092.744027,1190.857143,20.0288,79.2963
KHED,6593.857674,5154.38,4511.73,3382.059701,2746,1092.744027,1190.857143,18.7738,73.3808
MUL,6593.857674,4393.88,4500.35,4028,2822,1092.744027,1190.857143,20.2706,78.9636
MAHABALESHWAR,6593.857674,4919.89,4478.56,3783,2929,1092.744027,1190.857143,17.9242,73.6615
MAHAD,6593.857674,5116.7,4458.45,3462,2895,1092.744027,1190.857143,18.067,73.3433
BADNAWAR,6593.857674,4880.84,4454.49,3382.059701,2904.415663,1092.744027,1190.857143,22.273,75.1553
TASGAON,6593.857674,5282.43,4447.71,3517,2788,1092.744027,1190.857143,16.9783,73.9214
OMKARESHWAR,6593.857674,4320.24,4436.16,3382.059701,2904.415663,1489,1190.857143,22.2345,75.738
KATNI,6593.857674,5219.06,4405.82,2872,2904.415663,1092.744027,1190.857143,23.8152,80.3898
NOIDA,6593.857674,6332.2,4403.22,3382.059701,2904.415663,1092.744027,1190.857143,28.5355,77.391
BHIWANDI NIZAMPUR,6593.857674,3551.79,4396.12,2972,2595,571,1190.857143,19.303,73.0655
JAMNER,6593.857674,4745.49,4392.87,3382.059701,2827,1092.744027,1190.857143,20.0366,75.978
SHIRUR,6593.857674,5216.59,4388.81,3140,2904.415663,1092.744027,1190.857143,19.0648,74.7243
KAWARDHA (M),6593.857674,5236.53,4379.51,3382.059701,2904.415663,1092.744027,1190.857143,22.1214,81.2162
Jhansi,6593.857674,3728.456823,4365.01,3086,2805,1072,1190.857143,25.4484,78.5722
SANGAMNER,6593.857674,5617.52,4355.07,3282,2904.415663,1092.744027,1190.857143,19.7588,74.4401
JAMNAGAR,6593.857674,4855.86,4355.02,2996,2904.415663,1503,1190.857143,22.4668,70.0662
MAHADULA,6593.857674,5151.83,4341.99,3382.059701,2904.415663,1092.744027,1190.857143,20.6355,78.13
PANCHGANI,6593.857674,6396.46,4317.98,3678,3184,1092.744027,1190.857143,17.932,73.759
DEWAS,6593.857674,5634.37,4310.08,3968,2723,1386,1190.857143,22.9622,76.0563
Aligarh,6593.857674,3728.456823,4309.19,3382.059701,2904.415663,1117,1190.857143,27.8974,78.0885
VENGURLA,6593.857674,4983.92,4308.86,3347,2930,1092.744027,1190.857143,16.1397,73.7117
RATLAM,6593.857674,5327.55,4298.72,3116,2712,1422,1190.857143,23.3039,75.0376
SHIRPUR- WARWADE,6593.857674,4953.14,4294.67,3316,2904.415663,1092.744027,1190.857143,21.0655,74.24
SARAGAON (NP),6593.857674,4647.24,4293.21,3382.059701,2904.415663,1092.744027,1190.857143,21.53,81.8733
RAMTEK,6593.857674,3731.31,4286.59,3382.059701,2904.415663,1092.744027,1190.857143,21.2356,79.1933
PANDHARPUR,6593.857674,4917.11,4281.43,3562,2904.415663,1092.744027,1190.857143,17.251,75.1875
WADI,6593.857674,4929.29,4275.76,3382.059701,2904.415663,1092.744027,1190.857143,20.6458,76.1022
DOUNDAICHA WARWADE,6593.857674,4653.32,4275.73,3382.059701,2904.415663,1092.744027,1190.857143,20.8402,75.3557
KOLHAPUR,6593.857674,4094.29,4274.34,3803,2686,1048,1190.857143,16.7054,74.243
VAIJAPUR,6593.857674,5442.02,4259.82,3400,2916,1092.744027,1190.857143,19.6475,75.173
PEN,6593.857674,5377.43,4235.64,3263,2904.415663,1092.744027,1190.857143,18.9384,73.6506
GEORAI,6593.857674,4151.13,4233.23,3382.059701,2801,1092.744027,1190.857143,19.5771,75.6973
TALALA,6593.857674,3688.47,4223.14,3382.059701,2904.415663,1092.744027,1190.857143,21.0833,70.1681
JUNNAR,6593.857674,5435.85,4222.82,3609,2904.415663,1092.744027,1190.857143,19.0674,73.7085
TALEGAON DABHADE,6593.857674,4255.34,4218.97,3220,2904.415663,1092.744027,1190.857143,18.5796,73.6586
RAHIMATPUR,6593.857674,4548.25,4215.81,3440,2748,1092.744027,1190.857143,21.0613,79.2517
JAGDALPUR,6593.857674,5156.86,4213.39,3510,2904.415663,922,1190.857143,19.0791,82.0347
BHILAI NAGAR,6593.857674,5500.18,4212.41,3929,2715,1407,1190.857143,21.2122,81.3204
VARANGAON,6593.857674,3214.46,4198.57,3382.059701,2763,1092.744027,1190.857143,21.2367,78.8469
ROHTAK,6593.857674,5143.17,4180.55,3083,2614,800,1190.857143,28.9009,76.6102
PIPARIYA (NP),6593.857674,4319.99,4179.3,3382.059701,2904.415663,1092.744027,1190.857143,22.323,78.5522
PAITHAN,6593.857674,4020.79,4167.6,3382.059701,2871,1092.744027,1190.857143,19.2824,75.2935
BARAMKELA (NP),6593.857674,4737.22,4167.53,3382.059701,2904.415663,1092.744027,1190.857143,21.6436,82.598
SARIYA (NP),6593.857674,4197.05,4166.87,3382.059701,2904.415663,1092.744027,1190.857143,22.2234,82.0163
SANGLI,6593.857674,4076.96,4163.41,3382.059701,2904.415663,1092.744027,1190.857143,16.8606,74.5708
GANGAGHAT (NPP),6593.857674,2732.51,4161.12,3382.059701,2904.415663,1092.744027,1190.857143,20.6194,75.0725
AMRAVATI,6593.857674,4252.57,4160.24,3382.059701,2904.415663,922,1190.857143,20.9334,77.766
BADRAVATI,6593.857674,5479.15,4159.69,3382.059701,2904.415663,1092.744027,1190.857143,22.1164,78.0638
AMALNER,6593.857674,5268.84,4159.42,3382.059701,2904.415663,1092.744027,1190.857143,20.167,75.0347
BAGASRA,6593.857674,2466.61,4159.25,3382.059701,2904.415663,1092.744027,1190.857143,21.3054,70.5987
BARSHI,6593.857674,5655.06,4153.39,3198,2640,813,1190.857143,18.1193,75.6263
KANTHAPHOD,6593.857674,4158.61,4152.98,3382.059701,2904.415663,1092.744027,1190.857143,20.03,75.66
MATHURA-Vrindavan (NN),6593.857674,3728.456823,4150.95,3382.059701,2904.415663,1092.744027,1190.857143,27.4911,77.6836
AHMEDANAGAR,6593.857674,5335.3,4147.62,3382.059701,2904.415663,1092.744027,1190.857143,19.0945,74.7475
PUSAUR (NP),6593.857674,4669.08,4147.2,3382.059701,2904.415663,1092.744027,1190.857143,20.3687,82.1275
SAILU,6593.857674,5230.67,4145.59,3187,2904.415663,1092.744027,1190.857143,20.0454,77.6492
BASTAR (NP),6593.857674,5170.85,4133.97,3382.059701,2904.415663,1092.744027,1190.857143,19.0594,82.1792
NANDURBAR,6593.857674,4070.77,4124.63,3382.059701,2904.415663,1037,1190.857143,21.1228,74.2404
PANDARIYA,6593.857674,4690.32,4111.69,3382.059701,2733,1092.744027,1190.857143,21.5304,81.6728
BISHRAMPUR (NP),6593.857674,5757.88,4099.33,3382.059701,2904.415663,1092.744027,1190.857143,22.2327,82.2135
WARORA,6593.857674,4892.92,4092.58,3382.059701,2904.415663,1092.744027,1190.857143,20.7005,79.3733
KOTBA (NP),6593.857674,3776.07,4081.38,3382.059701,2904.415663,1092.744027,1190.857143,20.5867,81.1748
SURAJPUR (M),6593.857674,5155.67,4076.1,3382.059701,2904.415663,1092.744027,1190.857143,23.4444,82.3722
HINGOLI,6593.857674,5139.06,4071.45,3457,2792,1092.744027,1190.857143,19.6755,77.1367
MALKAPUR_K,6593.857674,4985.13,4068.08,3382.059701,2904.415663,1092.744027,1190.857143,20.4828,76.1439
Bhatgaon (NP),6593.857674,3728.456823,4059.32,3382.059701,2904.415663,1092.744027,1190.857143,21.1861,82.0494
DHAMTARI (M),6593.857674,4494.38,4058.35,3382.059701,2904.415663,1092.744027,1190.857143,20.6581,81.6023
KHOPOLI,6593.857674,4961.88,4057.95,3471,2904.415663,1092.744027,1190.857143,18.9923,73.3008
BHAVNAGAR,6593.857674,4936.87,4055.6,2921,2904.415663,1515,1190.857143,21.7642,72.1507
HATHOD,6593.857674,4927.32,4048.16,3382.059701,2904.415663,1092.744027,1190.857143,22.2955,75.5825
Kharsia  (M),6593.857674,3728.456823,4045.97,3382.059701,2904.415663,1092.744027,1190.857143,22.1643,82.2405
BHAGUR,6593.857674,4254.29,4040.74,3382.059701,2771,1092.744027,1190.857143,19.2953,73.8352
PANDATARAI (NP),6593.857674,4489.68,4040.69,3382.059701,2904.415663,1092.744027,1190.857143,22.1707,82.3867
SAGAR,6593.857674,5699.23,4039.26,3284,2922,1603,1190.857143,23.8598,78.7372
BETUL,6593.857674,5107.18,4028.89,3382.059701,2904.415663,1313,1190.857143,21.9069,77.2624
SHAHADA,6593.857674,4722.58,4024.09,3382.059701,2904.415663,1092.744027,1190.857143,20.1125,74.3478
BAGICHA (NP),6593.857674,4654.77,4017.29,3382.059701,2904.415663,1092.744027,1190.857143,22.0313,82.278
BARSUR (NP),6593.857674,4683.57,4011.02,3382.059701,2904.415663,1092.744027,1190.857143,19.74,81.5775
JARHI (NP),6593.857674,4622.12,4008.95,3382.059701,2904.415663,1092.744027,1190.857143,20.6421,82.7665
KORBA,6593.857674,5691.31,4004.25,3111,2989,1313,1190.857143,22.4085,82.6678
POMBHURNA,6593.857674,2830.56,4000.94,3382.059701,2904.415663,1092.744027,1190.857143,20.3919,79.6328
BADE BACHELI (M),6593.857674,5203.32,3997.8,3382.059701,2904.415663,1092.744027,1190.857143,20.1228,81.5072
RAU,6593.857674,4395.52,3996.48,3315,2904.415663,1092.744027,1190.857143,22.7058,75.8282
CHIKHALAKASA (NP),6593.857674,4825.21,3990.33,3382.059701,2904.415663,1092.744027,1190.857143,20.1947,79.6339
URAN ISLAMPUR,6593.857674,4563.31,3985.64,3631,2931,1092.744027,1190.857143,17.8865,73.9778
DANTEWADA (NP),6593.857674,4179,3983.24,3382.059701,2904.415663,1092.744027,1190.857143,19.0511,81.4664
ALIBAG,6593.857674,2874.93,3979.27,3382.059701,2904.415663,1092.744027,1190.857143,18.6402,72.8704
KIRANDUL (M),6593.857674,4479.25,3978.3,3382.059701,2904.415663,1092.744027,1190.857143,19.2163,81.2672
JHABUA,6593.857674,4037.77,3971.56,3382.059701,2904.415663,1092.744027,1190.857143,23.2418,74.3304
KHULDABAD,6593.857674,3628.79,3967.99,3382.059701,2904.415663,1092.744027,1190.857143,20.0574,75.6711
JAMUL (M),6593.857674,4289.55,3965.37,3382.059701,2904.415663,1092.744027,1190.857143,20.6501,78.8388
HINGANA,6593.857674,4696.03,3965.26,3222,2904.415663,1092.744027,1190.857143,20.9682,78.5074
TARSADI,6593.857674,4338.29,3963.36,3382.059701,2904.415663,1092.744027,1190.857143,21.8238,73.9519
BHUSAWAL,6593.857674,4144.75,3962.2,3382.059701,2722,345,1190.857143,20.5241,75.7915
SHIVPUR CHARCHA (M),6593.857674,4484.27,3956.28,3382.059701,2904.415663,1092.744027,1190.857143,22.0561,78.4581
UMRED,6593.857674,5131.29,3953.51,3272,2904.415663,1092.744027,1190.857143,20.8615,79.2054
KULGAON-BADLAPUR,6593.857674,5312.57,3891.98,3244,2904.415663,1092.744027,1190.857143,19.2001,73.33
TUMKUR,6593.857674,2726.88,3863.66,3382.059701,2904.415663,1092.744027,1190.857143,13.3405,77.1019
Saharanpur,6593.857674,3728.456823,3855.29,2908,2904.415663,894,1190.857143,29.963,77.5552
MANDSAUR,6593.857674,5221.65,3844.64,3382.059701,3103,1318,1190.857143,24.0676,75.0309
RAJAHMUNDRY,6593.857674,4212.56,3838.66,2867,2904.415663,1456,1190.857143,16.9989,81.7906
SEONI_M,6593.857674,5213.68,3838.27,3382.059701,2904.415663,1092.744027,1190.857143,22.1321,79.551
FIROZABAD (M.CORP.),6593.857674,4099.03,3819.57,3382.059701,2904.415663,1092.744027,1190.857143,27.1565,78.3957
UDAIPUR (M CL),6593.857674,3969.52,3814.36,3382.059701,2904.415663,1092.744027,1190.857143,24.585,73.7125
UDGIR,6593.857674,3992.21,3811.73,3225,2904.415663,910,1190.857143,18.393,77.1075
PANCHKULA,6593.857674,4273.42,3783.01,3056,2904.415663,968,1190.857143,30.7046,76.836
ONGOLE,6593.857674,3158.75,3782.72,3382.059701,2638,1322,1190.857143,15.7062,80.0431
KAKINADA,6593.857674,4120.25,3774.56,3382.059701,2904.415663,1464,1190.857143,16.9934,82.245
WARDHA,6593.857674,4017.44,3765.85,3475,2873,760,1190.857143,20.7406,78.617
NANDED WAGHALA,6593.857674,4516.03,3757.54,3141,2904.415663,1010,1190.857143,19.1409,77.3083
SATARA,6593.857674,5713.61,3737.57,3361,2815,1090,1190.857143,17.6891,73.829
GURGAON,6593.857674,5544.93,3733.97,2975,2904.415663,1214,1194,28.4595,77.029
BRAHMAPUR,6593.857674,4247.56,3718.55,3382.059701,2904.415663,1022,1190.857143,19.3103,84.794
JALGAON,6593.857674,4286.83,3702.24,3034,2634,1083,1190.857143,21.0077,75.5695
SHIMLA,6593.857674,4798.12,3695.03,3382.059701,2904.415663,1438,1244,31.1048,77.1664
AKOLA,6593.857674,2684.45,3674.57,3382.059701,2904.415663,798,1190.857143,20.7031,77.014
JALANDHAR CANTT.,6593.857674,3560.94,3670.03,3382.059701,2904.415663,1092.744027,1190.857143,31.3213,75.5842
SOLAPUR,6593.857674,4255.17,3663.38,3206,2620,1213,1190.857143,17.6599,75.9064
HARDOI (NPP),6593.857674,3315.82,3650.59,3382.059701,2904.415663,1092.744027,1190.857143,27.3796,80.1081
ANAND,6593.857674,4071.4,3648.57,3382.059701,2904.415663,1225,1190.857143,22.5706,72.9303
DELHI CANTT.,6593.857674,4029.19,3647.64,3382.059701,2904.415663,1062,1190.857143,28.6041,77.1561
PARBHANI,6593.857674,4261.8,3646.17,3382.059701,3007,924,1190.857143,19.3895,76.781
Jodhpur,6593.857674,3728.456823,3615.33,3382.059701,2904.415663,970,971,26.2945,73.0005
NAGDA,6593.857674,5184.14,3612.66,3794,2661,1213,1190.857143,23.1602,75.4537
KARIMNAGAR,6593.857674,4563.07,3602.16,2861,2709,987,1190.857143,17.2972,79.1324
VAPI,6593.857674,4450.44,3583.37,2953,3019,1558,1190.857143,20.3705,72.8981
SATNA,6593.857674,4628.27,3583.19,3382.059701,2605,1317,1190.857143,24.3016,80.8196
TENALI,6593.857674,2662.48,3576.63,2936,2904.415663,1464,1190.857143,15.8516,80.6005
KADAPA,6593.857674,4217.6,3559.97,3382.059701,2904.415663,1096,1190.857143,14.4703,78.8232
GODHRA,6593.857674,3969.89,3557.97,3382.059701,2904.415663,1422,1190.857143,22.7591,73.6447
SHAHJAHANPUR (NPP),6593.857674,4497.37,3538.71,3382.059701,2904.415663,1092.744027,1190.857143,27.8945,79.907
MEERUT CANTT.,6593.857674,2095.66,3529.31,3382.059701,2904.415663,1092.744027,1190.857143,28.982,77.7441
BATHINDA,6593.857674,3783.75,3526.68,3520,2904.415663,1169,1190.857143,30.2108,74.9483
DAMOH,6593.857674,4450.84,3521.89,3012,2904.415663,906,1190.857143,23.8631,79.1152
CHITTOOR,6593.857674,3433.86,3509.68,3382.059701,2599,1321,1190.857143,13.2027,79.1172
Gorakhpur,6593.857674,3728.456823,3509.45,3382.059701,2904.415663,756,1190.857143,26.7504,83.3732
DURG,6593.857674,5361.68,3505.49,3500,2972,1284,1089,21.2115,81.2849
SILVASSA,6593.857674,3314.61,3504.89,3382.059701,2904.415663,1092.744027,1190.857143,20.2769,73.0297
VIDISHA,6593.857674,3206.68,3498.7,3382.059701,2904.415663,1061,1190.857143,23.919,78.4435
PATIALA,6593.857674,4012.44,3467.35,3382.059701,2904.415663,517,1190.857143,30.3378,76.3925
CHHATARPUR,6593.857674,4510.37,3450.63,3382.059701,2609,1092.744027,1190.857143,24.1044,79.3216
YAVATMAL,6593.857674,4341.61,3431.52,2887,2904.415663,924,1190.857143,20.398,78.209
ICHHALKARANJI,6593.857674,2955.7,3428.19,3382.059701,2904.415663,1092.744027,1190.857143,16.7078,74.4839
SOUTH DELHI (SDMC),6593.857674,4171.07,3422.27,3382.059701,3029,984,1180,28.6129,77.1935
NEEMUCH,6593.857674,4604.45,3420.91,3314,2716,1161,1190.857143,24.0334,75.0166
HAZARIBAG,6593.857674,3185.77,3416.47,3113,2597,1269,1190.857143,23.901,85.4948
HINGANGHAT,6593.857674,4688.92,3416.13,3382.059701,2904.415663,657,1190.857143,20.6338,78.6002
HINDUPUR,6593.857674,2419.65,3414.74,3382.059701,2904.415663,1086,1190.857143,14.2671,77.9656
ULHASNAGAR,6593.857674,3491.8,3409.91,3382.059701,2904.415663,974,1190.857143,19.1865,73.1592
SHIKOHABAD (NPP),6593.857674,2596.47,3397.23,3382.059701,2904.415663,1092.744027,1190.857143,27.2215,79.5482
FIROZPUR,6593.857674,4645.1,3389.71,3382.059701,2904.415663,1092.744027,1190.857143,31.363,74.5838
AYODHYA,6593.857674,3986.09,3375.5,3382.059701,2904.415663,1092.744027,1190.857143,26.788,81.8581
GANDHIDHAM,6593.857674,2023.12,3372.8,3382.059701,2904.415663,1333,1190.857143,23.0772,70.115
TADIPATRI,6593.857674,3073.39,3368.8,3382.059701,2904.415663,1529,1190.857143,14.6131,77.6017
PORBANDAR,6593.857674,3492.94,3364.11,3382.059701,2904.415663,1032,1190.857143,21.64,69.6053
LANSDOWNE CANTT,6593.857674,2662.25,3210.12,3382.059701,2904.415663,1092.744027,1190.857143,29.85,78.7
VARANASI CANTT.,6593.857674,2784.43,3148.1,3382.059701,2904.415663,1092.744027,1190.857143,25.3176,82.9739
JHANSI CANTT.,6593.857674,2156.31,3084.71,3382.059701,2904.415663,1092.744027,1190.857143,25.4481,78.5684
MHOW CANTT,6593.857674,5244.16,2980.03,3382.059701,2904.415663,1092.744027,1190.857143,22.5881,75.6861
DEHUROAD CANTT,6593.857674,2409.21,2942.98,3382.059701,2904.415663,1092.744027,1190.857143,18.595,73.9347
DALHOUSIE CANTT.,6593.857674,772.44,2919.9,3382.059701,2904.415663,1092.744027,1190.857143,32.6012,76.0989
ST THOMAS MOUNT CANTT,6593.857674,1430.32,2911.4,3382.059701,2904.415663,1092.744027,1190.857143,13.022,80.2369
MATHURA CANTT.,6593.857674,2757.72,2909.02,3382.059701,2904.415663,1092.744027,1190.857143,27.4919,77.6684
Ahmednagar Cantt,6593.857674,3728.456823,2825.4,3382.059701,2904.415663,1092.744027,1190.857143,19.0984,74.7577
SHAHJAHANPUR CANTT.,6593.857674,2776.81,2751.55,3382.059701,2904.415663,1092.744027,1190.857143,27.9034,79.9448
SAUGOR CANTT,6593.857674,3062.57,2739.71,3382.059701,2904.415663,1092.744027,1190.857143,23.6886,78.754
KIRKEE CANTT,6593.857674,3493.9,2732.83,3382.059701,2904.415663,1092.744027,1190.857143,18.4269,73.7996
AHMEDABAD CANTT,6593.857674,5294.17,2711.57,3382.059701,2904.415663,1092.744027,1190.857143,23.0225,72.5714
RANIKHET CANTT,6593.857674,2424.65,2663.44,3382.059701,2904.415663,1092.744027,1190.857143,29.3908,79.6648
JUTOGH CANTT.,6593.857674,3797.97,2611.5,3382.059701,2904.415663,1092.744027,1190.857143,31.0841,78.2524
LUCKNOW CANTT.,6593.857674,2318.89,2579.25,3382.059701,2904.415663,1092.744027,1190.857143,26.8503,80.9462
ROORKEE CANTT,6593.857674,1202.34,2575.88,3382.059701,2904.415663,1092.744027,1190.857143,29.8483,77.8944
WELLINGTON CANTT,6593.857674,1700.54,2574.94,3382.059701,2904.415663,1092.744027,1190.857143,31.0561,78.7053
AMRITSAR CANTT.,6593.857674,1648.08,2551.31,3382.059701,2904.415663,1092.744027,1190.857143,31.62,74.857
BABINA CANTT.,6593.857674,1269.17,2514.39,3382.059701,2904.415663,1092.744027,1190.857143,25.1607,78.0621
NAINITAL CANTT,6593.857674,1371.13,2486.41,3382.059701,2904.415663,1092.744027,1190.857143,29.3789,79.4623
PUNE CANTT,6593.857674,2843.88,2452.27,3382.059701,2904.415663,1092.744027,1190.857143,18.5196,73.8554
FEROZEPUR CANTT.,6593.857674,2937.16,2434.71,3382.059701,2904.415663,1092.744027,1190.857143,31.8621,74.8326
AMBALA CANTT.,6593.857674,2165.68,2382.45,3382.059701,2904.415663,1092.744027,1190.857143,30.3787,76.776
JALAPAHAR CANTT,6593.857674,971.06,2374.83,3382.059701,2904.415663,1092.744027,1190.857143,24.78,83.8
AURANGABAD CANTT,6593.857674,1986.95,2373.9,3382.059701,2904.415663,1092.744027,1190.857143,19.8775,75.3484
LEBONG CANTT,6593.857674,995.09,2314.39,3382.059701,2904.415663,1092.744027,1190.857143,27.0472,88.6147
SECUNDERABAD CANTT.,6593.857674,4114.05,2277.04,3382.059701,2904.415663,1092.744027,1190.857143,17.4402,78.4975
LANDOUR CANTT,6593.857674,945.24,2212.17,3382.059701,2904.415663,1092.744027,1190.857143,30.4222,78.0694
AJMER CANTT.,6593.857674,1473.92,2181.92,3382.059701,2904.415663,1092.744027,1190.857143,26.4535,74.6377
CLEMENT TOWN CANTT,6593.857674,1234.32,2159.65,3382.059701,2904.415663,1092.744027,1190.857143,30.3183,78.0558
RAMGARH CANTT.,6593.857674,927.03,2126.7,3382.059701,2904.415663,1092.744027,1190.857143,23.8825,85.3737
Badamibagh Cantonment Board,6593.857674,3728.456823,2109.79,3382.059701,2904.415663,1092.744027,1190.857143,34.2975,77.4214
Agra Cantonment Board,6593.857674,3728.456823,2104.34,3382.059701,2904.415663,1092.744027,1190.857143,27.1793,78.0234
BELGAUM CANTT.,6593.857674,1271.57,2079.2,3382.059701,2904.415663,1092.744027,1190.857143,15.8489,74.5685
BAREILLY CANTT.,6593.857674,1879.98,2071.51,3382.059701,2904.415663,1092.744027,1190.857143,28.3461,79.4303
ALMORA CANTT,6593.857674,1802.62,2070.54,3382.059701,2904.415663,1092.744027,1190.857143,29.5883,79.6499
DEHRADUN CANTT,6593.857674,1173.34,2070.3,3382.059701,2904.415663,1092.744027,1190.857143,30.3165,78.0323
JABALPUR CANTT,6593.857674,3296.38,2057.53,3382.059701,2904.415663,1092.744027,1190.857143,23.1667,79.9386
FATEHGARH CANTT.,6593.857674,2398.27,2053.08,3382.059701,2904.415663,1092.744027,1190.857143,26.4234,79.1246
Kota,6593.857674,3728.456823,2051.88,3382.059701,2904.415663,706,954,25.1852,75.8617
DAGSHAI CANTT.,6593.857674,1758.83,2033.21,3382.059701,2904.415663,1092.744027,1190.857143,30.9644,77.1764
EAST DELHI (EDMC),6593.857674,3726.23,1962.31,3382.059701,2904.415663,1004,1015,28.6465,77.2608
MORAR CANTT,6593.857674,1535.42,1951.9,3382.059701,2904.415663,1092.744027,1190.857143,26.2069,78.1778
KAMPTEE CANTT,6593.857674,2816.17,1943.22,3382.059701,2904.415663,1092.744027,1190.857143,21.1285,79.1645
KANNUR CANTT.,6593.857674,1824.1,1906.4,3382.059701,2904.415663,1092.744027,1190.857143,11.8768,75.3672
KANPUR CANTT.,6593.857674,710.12,1862.88,3382.059701,2904.415663,1092.744027,1190.857143,26.4852,80.2119
SABATHU CANTT.,6593.857674,1918.16,1789.83,3382.059701,2904.415663,1092.744027,1190.857143,30.8304,77.1794
JAMMU CANTT.,6593.857674,1166.44,1757.53,3382.059701,2904.415663,1092.744027,1190.857143,32.7019,74.8786
BAKLOH CANTT.,6593.857674,853.33,1740.24,3382.059701,2904.415663,1092.744027,1190.857143,32.2219,75.745
DEOLALI CANTT,6593.857674,5433.88,1734.12,3382.059701,2904.415663,1092.744027,1190.857143,20.4138,73.8365
ALLAHABAD CANTT.,6593.857674,1897.46,1702.76,3382.059701,2904.415663,1092.744027,1190.857143,25.4484,81.843
CHAKRATA CANTT,6593.857674,802.18,1684.07,3382.059701,2904.415663,1092.744027,1190.857143,30.7603,77.88
PACHMARHI CANTT,6593.857674,2588.71,1611.77,3382.059701,2904.415663,1092.744027,1190.857143,22.4633,78.3995
KASAULI CANTT.,6593.857674,1104.05,1499.2,3382.059701,2904.415663,1092.744027,1190.857143,30.8783,77.1332
FAIZABAD CANTT.,6593.857674,1384.77,1466.96,3382.059701,2904.415663,1092.744027,1190.857143,26.7737,82.1378
YOL CANTT.,6593.857674,753.87,1445.91,3382.059701,2904.415663,1092.744027,1190.857143,32.1667,76.4536
SHILLONG CANTT.,6593.857674,675.69,1427.23,3382.059701,2904.415663,1092.744027,1190.857143,25.5788,91.8933
Nasirabad Cantt.,6593.857674,3728.456823,1307.77,3382.059701,2904.415663,1092.744027,1190.857143,26.2997,74.3657
BARRACKPORE CANTT,6593.857674,2249.59,1086.71,3382.059701,2904.415663,1092.744027,1190.857143,22.265,88.3665
DANAPUR CANTT.,6593.857674,1864.89,879.33,3382.059701,2904.415663,1092.744027,1190.857143,25.605,85.1024
KARHAD,6593.857674,6212.56,3757.284351,4063,2904.415663,1092.744027,1190.857143,16.2507,74.1369
KARJAT_R,6593.857674,5785.92,3757.284351,3228,2904.415663,1092.744027,1190.857143,18.9348,73.3355
SILLOD,6593.857674,5489.28,3757.284351,3382.059701,2894,1092.744027,1190.857143,20.0842,75.681
SHENDURJANAGHAT,6593.857674,5334.06,3757.284351,3166,2904.415663,1092.744027,1190.857143,20.315,75.458
BETMA,6593.857674,5280.72,3757.284351,3451,2904.415663,1092.744027,1190.857143,22.6373,75.7188
MANGALVEDHE,6593.857674,5169.66,3757.284351,3403,2904.415663,1092.744027,1190.857143,20.3134,75.7587
DHAR,6593.857674,5044.28,3757.284351,3294,2904.415663,1092.744027,1190.857143,22.6086,75.2722
LATUR,6593.857674,5032.66,3757.284351,3427,2904.415663,751,1190.857143,18.4144,76.5806
DEGLUR,6593.857674,5023.11,3757.284351,3382.059701,2832,1092.744027,1190.857143,19.3025,77.7467
BHIND,6593.857674,4945.51,3757.284351,3382.059701,2904.415663,1176,1190.857143,25.7593,78.789
BADWANI,6593.857674,4923.22,3757.284351,3162,2904.415663,1092.744027,1190.857143,21.8247,75.1185
SEHORE,6593.857674,4906.28,3757.284351,3382.059701,2904.415663,1397,1190.857143,23.1181,77.123
KURUNDVAD,6593.857674,4884.23,3757.284351,3295,2904.415663,1092.744027,1190.857143,20.1862,75.4358
GUNA,6593.857674,4879.07,3757.284351,3382.059701,2904.415663,873,1190.857143,24.6595,77.3035
SAWANTWADI,6593.857674,4877.92,3757.284351,3267,2785,1092.744027,1190.857143,16.2058,73.9601
MANGO,6593.857674,4859.57,3757.284351,2898,3162,1092.744027,1190.857143,22.5573,88.394
REWA,6593.857674,4850.94,3757.284351,3039,2893,1479,1190.857143,24.5356,81.2955
BHOR,6593.857674,4825.85,3757.284351,3454,2954,1092.744027,1190.857143,18.4491,73.7247
KURNOOL,6593.857674,4810.22,3757.284351,3382.059701,2904.415663,1051,1190.857143,15.8264,78.7365
PATHRI,6593.857674,4765.01,3757.284351,3382.059701,2738,1092.744027,1190.857143,19.0383,75.5233
PURI (M),6593.857674,4740.3,3757.284351,3382.059701,2904.415663,1007,1190.857143,19.8135,85.831
DHANPURI,6593.857674,4709.1,3757.284351,3148,2904.415663,1092.744027,1190.857143,22.4248,81.4293
NELLORE,6593.857674,4687.92,3757.284351,3382.059701,2904.415663,1073,1190.857143,14.4425,79.9935
HUBLI-DHARWAD,6593.857674,4680.24,3757.284351,3382.059701,2904.415663,998,1190.857143,15.3633,75.1268
WARANGAL,6593.857674,4677.25,3757.284351,2995,3045,1537,1226,17.9784,79.5941
DATIA,6593.857674,4674.82,3757.284351,3382.059701,2904.415663,810,1190.857143,25.4573,78.4761
KATOL,6593.857674,4593.75,3757.284351,3504,3041,1092.744027,1190.857143,21.0861,78.483
KHANDALA,6593.857674,4589.62,3757.284351,3163,2904.415663,1092.744027,1190.857143,20.153,75.5778
HOSHANGABAD,6593.857674,4552.23,3757.284351,2956,2674,1364,1190.857143,22.4695,77.705
ROHA ASHTAMI,6593.857674,4545.19,3757.284351,3382.059701,2749,1092.744027,1190.857143,19.4847,73.1912
DEHRADUN,6593.857674,4524.48,3757.284351,3382.059701,2904.415663,752,876,30.3165,78.0322
MOWAD,6593.857674,4521.95,3757.284351,3382.059701,2824,1092.744027,1190.857143,21.0245,79.1141
KANKER,6593.857674,4514.1,3757.284351,3197,2904.415663,1092.744027,1190.857143,20.0625,81.0313
KYMORE,6593.857674,4480.39,3757.284351,3122,2904.415663,1092.744027,1190.857143,24.4943,78.9244
MORENA,6593.857674,4473.36,3757.284351,3382.059701,2904.415663,977,1190.857143,26.0347,78.1968
URAN,6593.857674,4417.06,3757.284351,3266,2904.415663,1092.744027,1190.857143,19.0362,72.9795
SHIVPURI,6593.857674,4372.1,3757.284351,2987,2904.415663,926,1190.857143,25.4205,77.6632
BHUBANESWAR,6593.857674,4363.37,3757.284351,3382.059701,2904.415663,1254,1279,20.2961,85.8189
BEED,6593.857674,4320.9,3757.284351,2905,2904.415663,783,1190.857143,19.6342,75.728
DABRA,6593.857674,4313.53,3757.284351,3382.059701,2904.415663,881,1190.857143,23.474,78.5554
JAYSINGPUR,6593.857674,4289.97,3757.284351,3382.059701,2785,1092.744027,1190.857143,16.6,74.4732
MHASWAD,6593.857674,4247.62,3757.284351,3128,2904.415663,1092.744027,1190.857143,17.2033,74.0697
BAGBAHARA,6593.857674,4243.72,3757.284351,3382.059701,2902,1092.744027,1190.857143,21.5169,82.0876
SARDARPUR,6593.857674,4240.84,3757.284351,3167,2904.415663,1092.744027,1190.857143,22.2505,75.3626
NIZAMABAD,6593.857674,4240.03,3757.284351,3382.059701,2904.415663,1040,1190.857143,15.4706,78.0716
BUNDU,6593.857674,4223.71,3757.284351,3378,3045,1092.744027,1190.857143,23.3573,85.4704
BANDA,6593.857674,4210.88,3757.284351,3382.059701,2904.415663,592,1190.857143,25.4743,80.3156
PARLI,6593.857674,4202.72,3757.284351,3198,2904.415663,1092.744027,1190.857143,18.4903,76.882
MORADABAD,6593.857674,4202.27,3757.284351,3382.059701,2904.415663,739,1190.857143,28.8379,78.7535
SHIRALA,6593.857674,4164.6,3757.284351,3192,2904.415663,1092.744027,1190.857143,17.2136,74.0772
BHONGIR (M),6593.857674,4144.12,3757.284351,3382.059701,2822,1092.744027,1190.857143,17.9201,78.8817
DEOGHAR,6593.857674,4141.82,3757.284351,3382.059701,2835,1232,1190.857143,24.4766,86.6998
JUNAGADH,6593.857674,4141.5,3757.284351,3382.059701,2904.415663,1411,1190.857143,21.5226,70.3662
TRIMBAK,6593.857674,4139.06,3757.284351,3211,2751,1092.744027,1190.857143,19.9742,73.6284
PATHARIYA,6593.857674,4106.76,3757.284351,3382.059701,2843,1092.744027,1190.857143,24.6595,78.2913
PALUS,6593.857674,4094.48,3757.284351,3442,2904.415663,1092.744027,1190.857143,17.0313,74.5743
JAWHAR,6593.857674,4074.67,3757.284351,3382.059701,2758,1092.744027,1190.857143,19.946,73.3885
GUNTUR,6593.857674,4070.26,3757.284351,3382.059701,2904.415663,1201,1190.857143,16.3069,80.4366
MAHBUBNAGAR,6593.857674,4068.94,3757.284351,3382.059701,2904.415663,892,1190.857143,16.7488,77.9857
BAHADURGARH,6593.857674,4048.49,3757.284351,3382.059701,2904.415663,664,1190.857143,28.7034,76.9251
MALEGAON,6593.857674,4029.52,3757.284351,3382.059701,2614,911,1190.857143,20.5603,74.5435
HISAR,6593.857674,4020.07,3757.284351,3382.059701,2904.415663,805,1190.857143,29.1494,75.72
KUHI,6593.857674,4013.27,3757.284351,3373,2904.415663,1092.744027,1190.857143,21.0335,78.8102
NAVSARI,6593.857674,3994.06,3757.284351,3382.059701,2615,1568,1190.857143,20.9714,72.9566
SURYAPET,6593.857674,3968.06,3757.284351,3382.059701,2922,1532,1190.857143,17.0703,79.6167
ACHALPUR,6593.857674,3951.22,3757.284351,2936,2903,761,1190.857143,21.0495,78.4804
SHRIRAMPUR,6593.857674,3946.66,3757.284351,3382.059701,2739,1092.744027,1190.857143,19.6483,74.7808
AMRELI,6593.857674,3940.11,3757.284351,3382.059701,2904.415663,1189,1190.857143,22.466,72.4183
BALESHWAR,6593.857674,3939.15,3757.284351,3382.059701,2904.415663,1020,1190.857143,20.303,86.072
KANKAVLI,6593.857674,3924.7,3757.284351,3382.059701,2853,1092.744027,1190.857143,15.9193,74.0715
NALGONDA,6593.857674,3815.14,3757.284351,3382.059701,2904.415663,990,1190.857143,17.0513,79.0671
MIRYALAGUDA,6593.857674,3782.76,3757.284351,3382.059701,2904.415663,1036,1190.857143,16.2226,79.1792
AUSA,6593.857674,3782.42,3757.284351,3224,2957,1092.744027,1190.857143,18.7385,76.8721
ROORKEE (NN),6593.857674,3765.98,3757.284351,3382.059701,2904.415663,951,1190.857143,29.3022,77.8946
DAUND,6593.857674,3763.62,3757.284351,3208,2904.415663,1092.744027,1190.857143,18.4602,73.8301
GANGAKHED,6593.857674,3750.9,3757.284351,3229,2904.415663,1092.744027,1190.857143,19.0408,76.9525
RAMAGUNDAM,6593.857674,3718.92,3757.284351,3382.059701,2904.415663,1017,1190.857143,17.2792,78.7985
KARMALA,6593.857674,3691.83,3757.284351,3382.059701,2743,1092.744027,1190.857143,18.6754,75.0155
AJMER,6593.857674,3677.62,3757.284351,3382.059701,2904.415663,928,1190.857143,26.4499,74.6399
MALWAN,6593.857674,3673.51,3757.284351,3314,2755,1092.744027,1190.857143,16.0019,73.6506
BHOKARDAN,6593.857674,3564.05,3757.284351,3382.059701,2799,1092.744027,1190.857143,20.0932,78.6266
DAVANAGERE,6593.857674,3561.11,3757.284351,3382.059701,2904.415663,812,1190.857143,14.466,75.9954
BHANDARA,6593.857674,3533.08,3757.284351,3382.059701,2748,1092.744027,1190.857143,21.154,79.6422
OSMANABAD,6593.857674,3532.82,3757.284351,3382.059701,2669,949,1190.857143,18.1916,76.2267
MANGALORE,6593.857674,3526.54,3757.284351,3382.059701,2848,1350,1190.857143,12.9141,74.8559
GONDAL,6593.857674,3522.14,3757.284351,3382.059701,2904.415663,1097,1190.857143,21.3881,70.1818
AKOLE,6593.857674,3521.97,3757.284351,3144,2904.415663,1092.744027,1190.857143,19.3358,73.819
CHAIBASA,6593.857674,3516.41,3757.284351,3382.059701,2940,1092.744027,1190.857143,22.319,85.8401
SULTANPUR,6593.857674,3484.92,3757.284351,3382.059701,2904.415663,768,1190.857143,26.8792,81.1952
JALANDHAR,6593.857674,3413.33,3757.284351,3382.059701,2904.415663,921,1190.857143,31.325,75.5782
KHAMMAM,6593.857674,3396.09,3757.284351,3382.059701,2904.415663,914,1190.857143,17.2473,80.1477
PANDHARKAODA,6593.857674,3327.56,3757.284351,3382.059701,2799,1092.744027,1190.857143,20.2667,78.4135
DAPOLI CAMP,6593.857674,3247.49,3757.284351,3122,2904.415663,1092.744027,1190.857143,17.7512,73.074
SAMBALPUR TOWN (M),6593.857674,3212.96,3757.284351,3382.059701,2904.415663,739,1190.857143,21.4665,83.9381
PALANPUR,6593.857674,3205.96,3757.284351,3382.059701,2904.415663,1254,1190.857143,24.1714,72.3802
MADANAPALLE,6593.857674,3199.89,3757.284351,3382.059701,2904.415663,831,1190.857143,13.3968,78.5465
BELGAUM (M CORP. + OG),6593.857674,3192.48,3757.284351,3382.059701,2904.415663,892,1190.857143,15.8489,74.5044
TULJAPUR,6593.857674,3180.99,3757.284351,3382.059701,2810,1092.744027,1190.857143,16.1898,74.5622
KAITHAL,6593.857674,3130.38,3757.284351,3382.059701,2904.415663,828,1190.857143,29.803,76.4677
GAYA,6593.857674,3096.65,3757.284351,3382.059701,2904.415663,642,1190.857143,24.7952,84.9993
CHAS,6593.857674,3081.04,3757.284351,3096,3173,1470,1190.857143,23.7825,85.4932
BHARUCH,6593.857674,3067.86,3757.284351,3382.059701,2762,1352,1190.857143,21.7068,72.6375
KOREGAON,6593.857674,3059.15,3757.284351,3445,2904.415663,1092.744027,1190.857143,17.2408,74.3062
MORBI,6593.857674,3057.75,3757.284351,3382.059701,2904.415663,1253,1190.857143,22.8322,70.7438
PATHANKOT,6593.857674,3011.59,3757.284351,3382.059701,2904.415663,1021,1190.857143,32.2627,75.6501
ADILABAD,6593.857674,3001.41,3757.284351,3382.059701,2904.415663,1006,1190.857143,19.6641,78.5261
JAMMU,6593.857674,2983.22,3757.284351,3382.059701,2904.415663,891,1190.857143,32.7266,74.857
NADIAD,6593.857674,2972.58,3757.284351,3382.059701,2904.415663,1323,1190.857143,22.688,72.8662
CUTTACK,6593.857674,2966.59,3757.284351,3382.059701,2904.415663,977,925,20.4625,85.8828
SIMDEGA,6593.857674,2951.25,3757.284351,3382.059701,2779,1092.744027,1190.857143,23.4733,85.8186
KAVALI,6593.857674,2905.82,3757.284351,3382.059701,2904.415663,1087,1190.857143,14.9039,79.9887
PETLAD,6593.857674,2902.95,3757.284351,3198,2904.415663,1092.744027,1190.857143,22.5504,73.5944
UDUPI,6593.857674,2882.92,3757.284351,3382.059701,2904.415663,1123,1190.857143,13.3417,74.7485
VERAVAL,6593.857674,2881.86,3757.284351,3382.059701,2904.415663,1236,1190.857143,20.9074,70.3664
VALSAD,6593.857674,2857.77,3757.284351,3382.059701,2904.415663,1131,1190.857143,20.3602,72.9267
JETPUR NAVAGADH,6593.857674,2849.7,3757.284351,3382.059701,2904.415663,1476,1190.857143,21.5642,70.6237
PALWAL,6593.857674,2819.96,3757.284351,3382.059701,2904.415663,553,1190.857143,28.1913,77.3455
SALEM,6593.857674,2794.37,3757.284351,3382.059701,2904.415663,1166,1190.857143,11.6643,78.146
CHIRKUNDA,6593.857674,2791.11,3757.284351,3382.059701,2773,1092.744027,1190.857143,23.652,86.4183
PANAJI,6593.857674,2785.8,3757.284351,3382.059701,2904.415663,1271,1385,15.4989,73.8278
ADONI,6593.857674,2763.13,3757.284351,3382.059701,2904.415663,934,1190.857143,15.6435,77.2845
SRIKALAHASTI,6593.857674,2752,3757.284351,3382.059701,2904.415663,961,1190.857143,13.8326,79.6622
SRIKAKULAM,6593.857674,2740.57,3757.284351,3382.059701,2904.415663,1198,1190.857143,18.3056,83.8855
KHANAPUR,6593.857674,2740.07,3757.284351,3511,2904.415663,1092.744027,1190.857143,15.8706,74.5445
DAMAN,6593.857674,2724.24,3757.284351,3382.059701,2904.415663,676,1190.857143,20.3975,72.8311
GUMLA,6593.857674,2674.92,3757.284351,3382.059701,2917,1092.744027,1190.857143,23.0307,84.1133
NANDYAL,6593.857674,2637.29,3757.284351,3382.059701,2904.415663,1308,1190.857143,15.4025,78.4828
CHAPRA,6593.857674,2631.66,3757.284351,3382.059701,2904.415663,483,1190.857143,25.785,84.487
BHIWANI,6593.857674,2631.14,3757.284351,3382.059701,2904.415663,698,1190.857143,28.7793,76.538
BARIPADA,6593.857674,2618.58,3757.284351,3382.059701,2904.415663,880,1190.857143,21.831,86.5874
MUZAFFARPUR,6593.857674,2579.83,3757.284351,3382.059701,2904.415663,782,1190.857143,26.1205,85.4124
NARASARAOPET,6593.857674,2577.46,3757.284351,3382.059701,2904.415663,1471,1190.857143,15.731,79.9805
HASSAN,6593.857674,2575.34,3757.284351,3382.059701,2904.415663,926,1190.857143,13.005,75.4295
BEGUSARAI,6593.857674,2564.26,3757.284351,3382.059701,2904.415663,530,1190.857143,25.4166,86.1354
BIHARSHARIF,6593.857674,2527.6,3757.284351,3382.059701,2904.415663,1117,1190.857143,25.1895,85.5297
DIU,6593.857674,2527.32,3757.284351,3382.059701,2904.415663,707,1190.857143,20.7119,70.3965
DWARKA,6593.857674,2514.09,3757.284351,3382.059701,2904.415663,1341,1190.857143,22.2415,68.9736
VIZIANAGARAM,6593.857674,2505.8,3757.284351,3382.059701,2904.415663,1185,1190.857143,18.1184,83.4213
GUNTAKAL,6593.857674,2493.79,3757.284351,3382.059701,2904.415663,1255,1190.857143,14.3075,77.3748
BHADRAVATI,6593.857674,2490.22,3757.284351,3382.059701,2904.415663,952,1190.857143,14.122,75.8091
BHARATPUR,6593.857674,2485.67,3757.284351,3382.059701,2904.415663,619,1190.857143,27.2119,77.4831
NAGAPATTINAM,6593.857674,2483.16,3757.284351,3382.059701,2904.415663,1030,1190.857143,10.7639,79.8442
TIRUCHIRAPPALLI,6593.857674,2473.78,3757.284351,3414,3352,1716,1715,10.7905,78.7047
BUXAR,6593.857674,2467.1,3757.284351,3382.059701,2904.415663,727,1190.857143,25.3788,83.9826
GIRIDIH,6593.857674,2464.7,3757.284351,3382.059701,2813,1306,1190.857143,24.2043,86.3262
BHIMAVARAM,6593.857674,2458.76,3757.284351,3382.059701,2904.415663,1279,1190.857143,16.5356,81.5294
JAMJODHPUR,6593.857674,2433.38,3757.284351,3171,2904.415663,1092.744027,1190.857143,22.2583,70.1914
TIRUVANNAMALAI,6593.857674,2409.24,3757.284351,3382.059701,2904.415663,911,1190.857143,12.2261,79.0705
BHADRAK (M),6593.857674,2392.7,3757.284351,3382.059701,2904.415663,678,1190.857143,20.7233,86.5625
RUDRAPUR,6593.857674,2304.73,3757.284351,3382.059701,2904.415663,731,1190.857143,29.3683,79.1381
DARBHANGA,6593.857674,2302.94,3757.284351,3382.059701,2904.415663,654,1190.857143,26.152,85.902
SILCHAR,6593.857674,2264.35,3757.284351,3382.059701,2904.415663,833,1190.857143,24.8035,92.785
NAINITAL,6593.857674,2258.44,3757.284351,3382.059701,2904.415663,725,1190.857143,29.3952,79.4547
BHUJ,6593.857674,2251.51,3757.284351,3382.059701,2904.415663,1245,1190.857143,23.25,68.519
BIKANER,6593.857674,2236.86,3757.284351,3382.059701,2904.415663,745,1190.857143,28.0182,73.3162
KUMBAKONAM,6593.857674,2212.77,3757.284351,3382.059701,2904.415663,1486,1190.857143,10.0728,79.3921
TAMBARAM,6593.857674,2202.35,3757.284351,3382.059701,2904.415663,1351,1190.857143,12.9355,80.1573
RAMESWARAM,6593.857674,2196.46,3757.284351,3382.059701,2904.415663,865,1190.857143,9.2877,79.3082
PURNIA,6593.857674,2180.63,3757.284351,3382.059701,2904.415663,706,1190.857143,25.766,87.1585
VELLORE,6593.857674,2174.07,3757.284351,3382.059701,2904.415663,1219,1190.857143,12.9179,79.1325
DEESA,6593.857674,2169.3,3757.284351,3052,2904.415663,1194,1190.857143,23.7139,72.4355
ADITYAPUR,6593.857674,2137.12,3757.284351,3382.059701,2772,1121,1190.857143,22.7526,86.0486
CUDDALORE,6593.857674,2077.24,3757.284351,3382.059701,2904.415663,892,1190.857143,11.9335,79.3707
SAHARSA,6593.857674,2071.92,3757.284351,3382.059701,2904.415663,554,1190.857143,25.8788,86.2432
KOCHI,6593.857674,2071.51,3757.284351,3382.059701,2904.415663,856,990,9.9312,76.2673
PRODDATUR,6593.857674,2062.71,3757.284351,3382.059701,2904.415663,1169,1190.857143,14.7503,78.5394
CHILAKALURIPET,6593.857674,2050,3757.284351,3382.059701,2904.415663,1220,1190.857143,15.8494,79.6757
AVADI,6593.857674,2045.97,3757.284351,3382.059701,2904.415663,1069,1190.857143,13.113,80.1784
KASHIPUR,6593.857674,2018.33,3757.284351,3382.059701,2904.415663,883,1190.857143,29.2237,79.8954
THIRUVANANTHAPURAM,6593.857674,2001,3757.284351,3382.059701,2904.415663,617,1167,8.5241,76.949
LAKHANPUR,6593.857674,1997.22,3757.284351,3382.059701,2934,1092.744027,1190.857143,24.6743,81.0724
KALOL,6593.857674,1987.26,3757.284351,3382.059701,2904.415663,1505,1190.857143,23.1454,72.9492
TIRUNELVELI,6593.857674,1985.13,3757.284351,3382.059701,2904.415663,1008,1190.857143,8.7266,77.7018
MOGA,6593.857674,1974.57,3757.284351,3382.059701,2904.415663,625,1190.857143,30.9061,75.719
GANGAWATI,6593.857674,1956.84,3757.284351,3382.059701,2904.415663,598,1190.857143,15.1647,75.3489
DHARMAVARAM,6593.857674,1951.68,3757.284351,3382.059701,2904.415663,1113,1190.857143,14.4406,77.8118
RAMPUR,6593.857674,1934.46,3757.284351,3382.059701,2904.415663,543,1190.857143,27.3204,79.0245
DINDIGUL,6593.857674,1934.16,3757.284351,3382.059701,2904.415663,1221,1190.857143,10.3669,77.9857
MACHILIPATNAM,6593.857674,1922.99,3757.284351,3382.059701,2904.415663,1291,1190.857143,16.1934,81.1297
BAGAHA,6593.857674,1909.12,3757.284351,3382.059701,2904.415663,367,1190.857143,27.1042,84.2805
DIBRUGARH,6593.857674,1899.7,3757.284351,3382.059701,2904.415663,798,1190.857143,27.4854,95.002
ERODE,6593.857674,1897.13,3757.284351,3382.059701,2857,1468,1190.857143,11.3407,77.7263
BOTAD,6593.857674,1888.36,3757.284351,3382.059701,2904.415663,1308,1190.857143,22.3147,72.1863
AIZAWL,6593.857674,1881.44,3757.284351,3382.059701,2904.415663,1092.744027,1138,23.1664,92.7374
JEHANABAD,6593.857674,1879.87,3757.284351,3382.059701,2904.415663,774,1190.857143,25.1961,84.9086
CHATRA,6593.857674,1859.71,3757.284351,3157,2748,1092.744027,1190.857143,23.634,84.1228
GUDIVADA,6593.857674,1855.9,3757.284351,3382.059701,2904.415663,1090,1190.857143,16.4022,81.0848
GANGTOK,6593.857674,1812.01,3757.284351,3382.059701,2601,1414,1565,27.3343,88.6139
Vijayapura (Bijapur),6593.857674,1808.42,3757.284351,3327,2904.415663,760,1190.857143,16.829,75.7196
ELURU,6593.857674,1782.38,3757.284351,3382.059701,2904.415663,1283,1190.857143,16.7162,81.1006
KOZHIKODE,6593.857674,1771.87,3757.284351,3382.059701,2904.415663,887,1107,11.2588,75.7804
TIRUPPUR,6593.857674,1754.98,3757.284351,3382.059701,2904.415663,1326,1190.857143,11.0902,77.6611
AMBUR,6593.857674,1752.28,3757.284351,3382.059701,2904.415663,871,1190.857143,11.1907,78.1144
RAJAPALAYAM,6593.857674,1745.4,3757.284351,3382.059701,2904.415663,1186,1190.857143,9.4153,77.6605
GUWAHATI,6593.857674,1736.12,3757.284351,3382.059701,2904.415663,1169,1041,26.1445,91.7363
BELLARY,6593.857674,1724.52,3757.284351,3382.059701,2904.415663,827,1190.857143,14.9098,75.8338
KISHANGANJ,6593.857674,1701.08,3757.284351,3382.059701,2904.415663,883,1190.857143,25.8288,87.9685
IMPHAL,6593.857674,1680.64,3757.284351,3382.059701,2904.415663,1192,1441,24.817,93.9368
BISHRAMPUR,6593.857674,1673.61,3757.284351,3524,2904.415663,1092.744027,1190.857143,21.4948,83.3035
SHILLONG,6593.857674,1654.45,3757.284351,3382.059701,2904.415663,839,1012,25.5788,91.8835
SEONI,6593.857674,1650.23,3757.284351,3382.059701,2904.415663,1077,1190.857143,22.1318,78.159
TADEPALLIGUDEM,6593.857674,1636.44,3757.284351,3382.059701,2904.415663,1250,1190.857143,16.4912,81.7311
MUNGER,6593.857674,1611.21,3757.284351,3382.059701,2904.415663,502,1190.857143,25.2751,86.6374
KATIHAR,6593.857674,1609.23,3757.284351,3382.059701,2904.415663,383,1190.857143,25.5548,87.6041
AGARTALA,6593.857674,1596.93,3757.284351,3382.059701,2904.415663,806,1222,23.8308,91.2863
KANCHEEPURAM,6593.857674,1540.05,3757.284351,3382.059701,2904.415663,1182,1190.857143,12.8481,79.7062
HOSPET (CMC),6593.857674,1472.94,3757.284351,3382.059701,2904.415663,752,1190.857143,15.2719,75.785
NAGAON,6593.857674,1442.94,3757.284351,3382.059701,2904.415663,1086,1190.857143,26.197,92.7031
PALLAVARAM,6593.857674,1423.18,3757.284351,3382.059701,2904.415663,1091,1190.857143,12.9267,80.1948
BHAGALPUR,6593.857674,1409.57,3757.284351,3382.059701,2904.415663,841,1190.857143,25.2506,87.0172
RAJMAHAL,6593.857674,1382.43,3757.284351,3132,2904.415663,1092.744027,1190.857143,25.2539,87.8545
KOLLAM,6593.857674,1376.41,3757.284351,3382.059701,2904.415663,629,1190.857143,8.8809,76.6142
SASARAM,6593.857674,1265.5,3757.284351,3382.059701,2904.415663,834,1190.857143,25.2251,84.0565
SIWAN,6593.857674,1256.03,3757.284351,3382.059701,2904.415663,610,1190.857143,26.2273,84.3667
THANJAVUR,6593.857674,1101.93,3757.284351,3382.059701,2904.415663,1003,1190.857143,10.7759,79.1576
KOHIMA,6593.857674,1098.08,3757.284351,3382.059701,2904.415663,970,893,25.6745,94.1143
ANANTNAG,6593.857674,827.69,3757.284351,3382.059701,2904.415663,1003,1190.857143,33.7432,75.153
ITANAGAR,6593.857674,729.73,3757.284351,3382.059701,2904.415663,953,639,27.1432,93.6164
Amdavad,6593.857674,3728.456823,3757.284351,4137,2904.415663,1092.744027,1190.857143,23.0228,72.5714
Amrava,6593.857674,3728.456823,3757.284351,3042,2904.415663,1092.744027,1190.857143,21.115,79.6335
Badrava,6593.857674,3728.456823,3757.284351,3486,2904.415663,1092.744027,1190.857143,21.0692,80.1683
Balrampur,6593.857674,3728.456823,3757.284351,3313,2904.415663,1092.744027,1190.857143,27.786,82.5515
Bhilai Charoda,6593.857674,3728.456823,3757.284351,3424,2904.415663,1092.744027,1190.857143,21.2116,81.4296
Chhura,6593.857674,3728.456823,3757.284351,3284,2904.415663,1092.744027,1190.857143,21.261,81.941
Chhurikala,6593.857674,3728.456823,3757.284351,3203,2904.415663,1092.744027,1190.857143,20.6925,80.95
Chikhalakasa,6593.857674,3728.456823,3757.284351,3296,2904.415663,1092.744027,1190.857143,20.5765,80.9385
Dungarpur,6593.857674,3728.456823,3757.284351,3787,2904.415663,1092.744027,1190.857143,25.39,73.6632
Gondia,6593.857674,3728.456823,3757.284351,3382.059701,2673,705,1190.857143,21.4552,80.1976
Ichalkaranji,6593.857674,3728.456823,3757.284351,3382.059701,2659,1133,1190.857143,16.7096,74.2021
Jashpur Nagar,6593.857674,3728.456823,3757.284351,3435,2948,1092.744027,1190.857143,23.065,83.4194
Jhagrakhand,6593.857674,3728.456823,3757.284351,3146,2904.415663,1092.744027,1190.857143,22.0664,82.4884
Kawardha,6593.857674,3728.456823,3757.284351,3223,2904.415663,1092.744027,1190.857143,22.3019,81.4945
Kunkuri,6593.857674,3728.456823,3757.284351,3228,2904.415663,1092.744027,1190.857143,22.632,82.5154
Magarlod,6593.857674,3728.456823,3757.284351,3161,2904.415663,1092.744027,1190.857143,21.3639,81.823
Malkapur,6593.857674,3728.456823,3757.284351,3771,2981,1092.744027,1190.857143,21.7731,76.6475
Mauda,6593.857674,3728.456823,3757.284351,3548,2904.415663,1092.744027,1190.857143,21.0723,78.8833
Narharpur,6593.857674,3728.456823,3757.284351,3540,2775,1092.744027,1190.857143,20.7311,80.7711
Pa ala,6593.857674,3728.456823,3757.284351,3054,2904.415663,1092.744027,1190.857143,26.0346,88.7506
Pakur,6593.857674,3728.456823,3757.284351,3373,2853,1092.744027,1190.857143,24.6338,87.5684
Pali,6593.857674,3728.456823,3757.284351,3288,2904.415663,1029,1190.857143,22.5626,75.8801
Phusro,6593.857674,3728.456823,3757.284351,3160,2888,1092.744027,1190.857143,23.6882,85.4688
Piriyapatna,6593.857674,3728.456823,3757.284351,3463,2838,1092.744027,1190.857143,12.8443,76.7399
Rajgarh,6593.857674,3728.456823,3757.284351,3460,2904.415663,1092.744027,1190.857143,25.05,80.34
Sahaspur-Lohara,6593.857674,3728.456823,3757.284351,3398,2904.415663,1092.744027,1190.857143,22.7662,81.4675
Saraipali,6593.857674,3728.456823,3757.284351,3276,2951,1092.744027,1190.857143,21.6957,82.0923
Siddipet,6593.857674,3728.456823,3757.284351,3170,3060,1461,1190.857143,17.1742,78.8225
Sitapur,6593.857674,3728.456823,3757.284351,3191,2904.415663,526,1190.857143,27.0558,80.6534
Tifra,6593.857674,3728.456823,3757.284351,3133,2843,1092.744027,1190.857143,21.6646,83.5513
Tirupa,6593.857674,3728.456823,3757.284351,4025,2904.415663,1092.744027,1190.857143,26.0954,87.5905
Udaipur,6593.857674,3728.456823,3757.284351,3382.059701,2623,764,1190.857143,24.579,73.6822
