District Name,LGD District Code,Total Villages,No. of SWM Assets,No. of assets of community compost pits,Household covered by community compost pits,No. of assets of Community Bio-Gas Plants,Household covered by Community Bio-Gas Plants,No. of assets for Vehicles for Collection & Transportation of Waste,Household covered for Vehicles for Collection & Transportation of Waste,No. of assets of Segregation Bins at Community Places in the village,Household covered for Segregation Bins at Community Places in the village,No. of assets of Waste collection and segregation sheds,Household covered for Waste collection and segregation sheds,Name of the state
ALLURI SITHARAMA RAJU,745,2875,7963,1976,136911,114,6064,3107,207011,854,66035,1912,135406,
ANAKAPALLI,744,669,3468,1569,373226,12,1576,1176,404599,105,39407,606,239235,
Ananthapuramu,502,494,2448,677,251162,62,11396,889,338701,352,125494,468,213188,Andhra Pradesh
ANNAMAYYA,753,439,3557,1491,481362,84,12403,750,294742,569,237296,663,265197,
BAPATLA,750,265,1411,414,166726,22,18936,534,266568,181,83305,260,187666,
CHITTOOR,503,759,3631,1163,237806,106,9048,1167,301158,437,108747,758,216765,
Dr. B.R. Ambedkar Konaseema,747,315,1870,385,220085,23,12479,889,358042,262,109699,311,214358,
EAST GODAVARI,505,258,1630,398,231077,20,11936,706,397528,218,119489,288,227008,
ELURU,748,627,2871,737,272224,26,1908,961,372786,503,126966,644,258381,
GUNTUR,506,187,926,268,95469,0,0,403,192232,89,23296,166,107622,
KAKINADA,746,389,2404,702,301384,20,16883,974,398747,288,141098,420,250964,
KRISHNA,510,478,2337,570,180945,29,3222,874,320564,368,103569,496,193449,
KURNOOL,511,439,2277,618,224447,46,15116,973,387422,263,107226,377,206979,
NANDYAL,755,427,2181,535,183056,70,18668,909,331521,239,85705,428,204127,
NTR,749,277,1465,378,207765,30,4646,517,296318,255,168135,285,176599,
PALNADU,751,334,1546,367,224581,0,0,653,342928,192,170884,334,242104,
PARVATHIPURAM MANYAM,743,897,3617,1217,159122,50,5400,1169,195731,275,42750,906,151782,
PRAKASAM,517,748,3348,969,101894,114,10572,917,237396,636,69357,712,264200,
Sri Potti Sriramulu Nellore,515,683,3350,1229,291271,29,4426,1225,405151,140,37551,727,265645,
Sri Sathya Sai,754,424,2099,553,264799,47,14683,745,309854,331,153053,423,218156,
SRIKAKULAM,519,1247,4481,1434,366322,56,6792,1464,356948,515,126873,1012,269559,
TIRUPATI,752,908,5124,2022,389677,123,16371,1406,369304,638,154728,935,241665,
VISAKHAPATNAM,520,79,296,103,36869,0,0,117,40755,5,3286,71,28370,
VIZIANAGARAM,521,926,6772,4150,848123,27,5034,1513,435066,316,80435,766,239168,
WEST GODAVARI,523,269,1753,522,259196,20,8729,752,376848,180,92612,279,183396,
Y.S.R.,504,582,4209,2301,327383,25,4309,799,227717,446,135288,638,207702,
ANJAW,628,266,65,55,943,0,0,3,147,1,60,6,97,
CHANGLANG,229,287,494,242,18570,1,77,25,826,5,48,221,14956,
DIBANG VALLEY,230,139,273,125,1352,0,0,19,628,2,7,127,1425,Arunachal Pradesh
EAST KAMENG,231,268,585,147,5003,1,7,29,377,140,4520,268,6374,
EAST SIANG,232,74,175,124,2589,0,0,3,82,23,820,25,580,
KAMLE,718,223,1998,500,5628,0,0,502,5862,486,5992,510,5879,
Kra Daadi,677,326,385,266,4799,4,40,8,331,55,533,52,673,
KURUNG KUMEY,233,375,1496,541,10382,0,0,159,3059,386,6992,410,8179,
Leparada,724,67,178,65,1196,0,0,2,40,52,531,59,1006,
LOHIT,234,106,385,175,3288,0,0,2,225,183,1171,25,459,
LONGDING,666,76,972,340,9112,0,0,70,9368,19,347,543,10855,
LOWER DIBANG VALLEY,235,253,404,149,3103,12,75,5,236,74,1337,164,4050,
LOWER SIANG,719,106,210,42,1080,0,0,3,104,4,61,161,2332,
LOWER SUBANSIRI,236,372,386,169,3553,0,0,18,560,77,2032,122,2683,
NAMSAI,678,161,324,272,8035,0,0,10,327,7,438,35,1397,
Pakke Kessang,723,69,32,13,236,0,0,2,234,0,0,17,257,
PAPUM PARE,237,455,1072,250,7942,0,0,206,5578,371,10295,245,5849,
SHI YOMI,725,99,190,76,1161,0,0,2,58,7,133,105,1879,
SIANG,679,93,308,129,3904,0,0,21,960,38,1162,120,3939,
TAWANG,238,229,157,116,3692,0,0,5,176,17,762,19,617,
TIRAP,239,112,173,83,2432,0,0,5,182,41,1152,44,1953,
UPPER SIANG,240,94,57,16,184,0,0,6,202,25,536,10,98,
UPPER SUBANSIRI,241,473,643,242,4997,1,13,130,3248,12,289,258,6543,
WEST KAMENG,242,279,1132,562,26369,0,0,25,2906,41,1451,504,18559,
WEST SIANG,243,131,335,158,2874,0,0,16,745,13,320,148,2997,
BAJALI,739,163,605,250,56364,20,43,181,64513,0,0,154,48553,
BAKSA,616,383,0,0,0,0,0,0,0,0,0,0,0,
BARPETA,280,678,2303,793,231266,5,1997,698,318819,35,12238,772,243769,Assam
BISWANATH,705,891,379,97,17373,0,0,157,34691,2,1417,123,18312,
BONGAIGAON,281,537,1463,485,121057,0,0,406,133464,232,43247,340,115374,
CACHAR,282,1020,407,97,7173,2,19,229,88658,56,18038,23,8953,
CHARAIDEO,708,343,972,229,61774,0,0,261,59980,48,3480,434,42462,
CHIRANG,612,502,22,21,4984,0,0,0,0,1,1,0,0,
DARRANG,283,547,2739,948,265643,15,0,707,240279,8,3004,1061,257346,
DHEMAJI,284,1278,624,275,46597,0,0,76,18190,10,0,263,55630,
DHUBRI,285,905,2059,913,264535,6,174,687,286923,18,7115,435,243105,
DIBRUGARH,286,1321,3460,1307,245585,3,0,1097,241146,17,3427,1036,229381,
DIMA HASAO,299,677,0,0,0,0,0,0,0,0,0,0,0,
GOALPARA,287,780,674,238,44180,1,0,252,52574,6,120,177,40866,
GOLAGHAT,288,1032,2487,778,236168,0,0,784,263684,11,761,914,256014,
HAILAKANDI,289,337,504,79,24736,0,0,124,40769,3,0,298,11949,
HOJAI,709,400,1233,534,116505,2,131,400,54653,1,21,296,34374,
JORHAT,290,585,1940,692,184471,0,0,522,193075,8,3469,718,144070,
KAMRUP,291,1043,2872,1253,705123,1,233,458,192650,1,430,1159,663771,
Kamrup Metro,618,213,195,54,40192,12,39,48,11716,22,888,59,41024,
KARBI ANGLONG,292,2213,3,1,0,1,12,0,0,0,0,1,10,
KARIMGANJ,293,911,1016,22,3981,0,0,486,130786,1,89,507,134195,
KOKRAJHAR,294,1055,5,5,0,0,0,0,0,0,0,0,0,
LAKHIMPUR,295,1133,1343,229,63724,0,0,441,133238,2,0,671,214671,
MAJULI,706,188,633,226,41257,0,0,197,39781,0,0,210,40048,
Marigaon,296,605,1716,634,66314,12,469,409,71619,294,36216,367,51331,
NAGAON,297,961,3883,1431,472409,12,10,902,295900,56,12490,1482,176552,
NALBARI,298,464,1051,470,162334,0,0,120,84887,4,560,457,54074,
SIVASAGAR,300,517,2059,781,194258,0,0,491,156848,2,0,785,105784,
SONITPUR,301,911,1204,450,90690,1,0,502,140974,15,0,236,68987,
SOUTH SALMARA MANCACHAR,707,148,445,112,99468,0,0,144,129576,5,0,184,32724,
Tamulpur,756,285,0,0,0,0,0,0,0,0,0,0,0,
TINSUKIA,302,1140,3153,1415,192829,2,0,779,156928,22,4209,935,117903,
UDALGURI,617,790,1,0,0,0,0,0,0,1,10,0,0,
WEST KARBI ANGLONG,710,562,8,1,0,0,0,7,913,0,0,0,0,
ARARIA,188,695,1924,376,272329,1,100,1108,512426,316,24973,123,115707,
ARWAL,611,292,1146,261,105679,0,0,868,195585,12,287,5,2375,
AURANGABAD,189,1717,2670,629,180634,0,0,1491,462688,284,65370,266,76832,Bihar
BANKA,190,1520,2573,282,65550,5,815,2041,462879,141,13511,104,28575,
BEGUSARAI,191,671,2962,307,225308,14,29,2329,917711,168,10562,144,158747,
BHAGALPUR,192,889,3204,638,245015,4,41,2485,670155,24,5987,53,37775,
BHOJPUR,193,985,2949,615,192052,18,6447,1732,625366,405,234105,179,79137,
BUXAR,194,771,3080,774,310464,0,0,1115,401306,640,234770,551,220524,
DARBHANGA,195,1094,2036,487,392560,3,226,970,702248,245,139677,331,252213,
GAYA,196,2567,2839,454,136442,4,140,2247,537561,22,3618,112,45195,
GOPALGANJ,197,1308,2375,134,54047,1,10,1844,378352,316,15521,80,27671,
JAMUI,198,1190,3074,1536,195081,2,56,1412,259917,27,1833,97,43906,
JEHANABAD,199,520,993,121,35854,0,0,754,192313,107,11386,11,5717,
Kaimur (Bhabua),200,1228,2839,960,270605,11,39,1180,272131,512,99888,176,72890,
KATIHAR,201,1222,2886,218,90874,3,33,2011,671422,559,40696,95,90017,
KHAGARIA,202,207,1318,57,66105,0,0,1069,751182,139,4839,53,71130,
KISHANGANJ,203,696,2663,388,73888,102,3955,1443,340368,565,32744,165,49087,
LAKHISARAI,204,338,643,61,15413,0,0,558,165413,7,1721,17,8955,
MADHEPURA,205,368,1536,312,215367,2,11,1029,348118,113,1752,80,112944,
MADHUBANI,206,988,3911,675,545710,7,4884,2034,979396,584,202485,611,550445,
MUNGER,207,474,1435,526,147480,1,113,866,236641,1,45,41,33355,
MUZAFFARPUR,208,1630,11388,6375,429487,299,6981,3137,1259948,47,16002,1530,662514,
NALANDA,209,922,3178,797,293661,21,5645,1886,616179,174,58421,300,140564,
NAWADA,210,897,2465,702,219759,29,864,1315,390168,120,24498,299,114305,
PASHCHIM CHAMPARAN,211,1258,6558,1789,755861,4,5224,2685,1065413,596,102561,1484,690126,
PATNA,212,1195,3157,285,176349,2,2254,2611,950207,66,36333,193,140217,
Purbi Champaran,213,1208,2777,256,226080,3,68,2342,806540,15,18015,161,183008,
PURNIA,214,1031,2874,590,279011,5,1031,1375,544741,633,17318,271,124208,
Rohtas,215,1565,2422,312,14636,1,20,1873,347911,184,9394,52,12482,
SAHARSA,216,392,948,202,156684,3,3484,661,371392,49,42892,33,32470,
SAMASTIPUR,217,947,4692,578,444594,7,34,3267,1090383,564,91292,276,258199,
SARAN,218,1505,1785,422,117119,3,6,1190,305974,30,14077,140,58877,
SHEIKHPURA,219,226,656,42,6233,0,0,605,160119,1,50,8,5883,
SHEOHAR,220,176,721,36,23480,0,0,651,267276,14,3695,20,15459,
SITAMARHI,221,803,1663,183,112215,0,0,1436,460681,0,0,44,41449,
SIWAN,222,1362,1748,145,69385,8,1333,1468,431285,22,6902,105,47515,
SUPAUL,223,504,2441,292,232736,10,180,2013,974634,54,61720,72,65391,
VAISHALI,224,1233,4190,1581,515305,5,107,2117,843848,224,111226,263,121259,
BALOD,646,690,5285,3472,201059,11,220,775,170172,368,15173,659,158688,
Balodabazar-Bhatapara,644,736,5697,3588,220545,9,753,781,128744,687,74186,632,131352,
Balrampur-Ramanujganj,649,635,5254,3540,134247,18,286,748,55384,333,15851,615,45290,Chhattisgarh
Bastar,374,617,5039,3627,188551,31,1994,618,108571,263,23739,500,105119,
BEMETARA,650,684,7563,5988,165240,22,259,866,92142,15,2272,672,69112,
BIJAPUR,636,565,1929,868,52435,8,223,212,19182,674,28649,167,15698,
BILASPUR,375,667,6608,4892,313833,20,787,743,113910,165,25574,788,115511,
Dakshin Bastar Dantewada,376,226,577,230,26773,2,250,116,11699,113,7126,116,13969,
DHAMTARI,377,622,11045,5341,251980,22,529,603,139592,4576,79556,503,109902,
DURG,378,381,4904,3540,182596,24,885,761,147706,177,20900,402,96686,
GARIYABAND,645,665,2926,1693,175998,0,0,630,117541,11,2574,592,117739,
Gaurela-Pendra-Marwahi,734,222,1955,1282,92471,22,2408,349,50450,54,5875,248,46984,
Janjgir-Champa,379,425,6429,3406,254235,34,12962,505,59584,2030,144483,454,69726,
JASHPUR,380,755,5123,3019,129971,45,851,1053,125940,236,21765,770,114363,
Kabeerdham,382,959,12551,6509,677564,87,5950,1980,226160,1940,277878,2035,308608,
KHAIRAGARH-CHHUIKHADAN-GANDAI,759,439,5943,3778,231552,137,10971,385,55991,1174,65004,469,52367,
KONDAGAON,643,571,3948,3006,122181,9,9,529,67031,34,3796,370,48555,
KORBA,383,703,16771,14109,473870,70,7282,833,144529,891,55409,868,102234,
Korea,384,244,1094,605,35355,6,30,259,33610,2,450,222,30352,
MAHASAMUND,385,1119,4312,3035,143936,33,3114,512,84773,78,6064,654,75178,
Manendragarh-Chirmiri-Bharatpur(M C B),760,391,2045,887,57053,20,353,650,56978,75,6404,413,33082,
Mohla-Manpur-Ambagarh Chouki,761,492,7041,4951,238321,40,2210,591,73010,932,31044,527,54107,
MUNGELI,647,674,2514,988,249554,8,498,885,241281,5,1243,628,147041,
NARAYANPUR,637,377,1777,877,20396,10,524,166,10889,584,10159,140,11465,
RAIGARH,386,919,10107,7844,439154,11,314,1184,190342,104,11262,964,161737,
RAIPUR,387,474,2907,1167,319716,10,1672,1273,375948,3,142,454,185907,
RAJNANDGAON,388,662,8865,6653,362135,56,1399,805,138364,498,18669,853,118122,
SAKTI,762,456,6099,3195,455944,3,85,532,92299,2020,94799,349,74600,
SARANGARH-BILAIGARH,763,705,4547,2916,272701,3,334,698,116532,283,49226,647,117295,
SUKMA,642,390,681,338,11834,52,3640,118,7922,61,5197,112,12068,
SURAJPUR,648,543,4548,3350,268851,31,1638,579,145122,91,7978,497,146957,
SURGUJA,389,569,4031,2586,244822,12,692,785,154930,74,13272,574,137937,
Uttar Bastar Kanker,381,1066,9600,7185,362442,9,144,1208,179018,170,12966,1028,165885,
DADRA AND NAGAR HAVELI,465,66,147,28,10449,0,0,66,28113,23,9243,30,18995,
DAMAN,463,24,82,14,3384,0,0,57,25046,11,4100,0,0,
DIU,464,4,18,5,301,0,0,7,714,5,380,1,83,D & N Haveli and Daman & Diu
NORTH GOA,551,197,827,212,53970,10,1923,230,95478,160,45250,215,90632,
SOUTH GOA,552,176,731,187,52905,18,11262,198,107665,144,40851,184,97773,
AHMEDABAD,438,471,1227,656,116924,0,0,289,95967,2,435,280,108893,Goa
AMRELI,439,613,1631,863,125106,0,0,556,112931,90,5407,122,39098,
ANAND,440,350,1519,655,61027,1,41,771,222510,13,4263,79,24819,Gujarat
Arvalli,672,677,1331,745,77521,0,0,174,10574,127,7558,285,47045,
BANAS KANTHA,441,1244,5417,3677,413792,0,0,1126,169697,9,1486,605,129839,
BHARUCH,442,658,1645,1135,90699,2,21,319,160693,15,4789,174,94584,
BHAVNAGAR,443,672,1874,808,64878,1,5,669,130913,30,14754,366,111248,
BOTAD,676,185,813,422,22603,0,0,294,34168,8,1684,89,36463,
CHHOTAUDEPUR,668,879,3030,1522,30626,0,0,759,41793,9,176,740,45253,
DAHOD,445,710,8456,7603,196044,2,0,407,28630,44,2374,400,81077,
DANGS,444,310,1123,914,14755,1,5,92,12273,59,3842,57,8900,
Devbhumi Dwarka,674,247,823,486,45904,2,2,234,37551,7,519,94,35120,
GANDHINAGAR,446,269,2002,536,131588,1,1,578,135517,833,73941,54,20759,
GIR SOMNATH,675,343,670,178,49397,0,0,366,105485,2,271,124,53308,
JAMNAGAR,447,419,1300,619,86242,0,0,459,94174,12,794,210,49790,
JUNAGADH,448,506,2132,1115,110540,0,0,545,111368,22,2579,450,87673,
KACHCHH,449,898,3875,1868,137593,1,15,990,115456,678,36171,338,114425,
KHEDA,450,520,2153,950,112471,3,77,665,99178,113,11257,422,62859,
Mahesana,451,604,2873,1256,103394,1,80,1280,362643,53,4778,283,99490,
MAHISAGAR,669,699,2065,919,33990,2,9,609,29381,38,2768,497,26539,
MORBI,673,343,1012,566,105154,0,0,301,118345,1,0,144,58152,
NARMADA,452,545,2181,985,57875,1,1,753,61919,257,12623,185,62034,
NAVSARI,453,388,1847,927,153293,2,2201,582,192211,125,118708,211,97383,
PANCH MAHALS,454,619,2216,1123,137554,0,0,910,102661,9,1674,174,47924,
PATAN,455,524,1329,768,71471,1,15,372,49532,32,2173,156,55635,
PORBANDAR,456,147,453,262,10526,0,0,125,15095,45,797,21,2645,
RAJKOT,457,589,1880,623,50753,0,0,834,327902,99,11400,324,66114,
SABAR KANTHA,458,691,2728,1154,139868,1,6,733,169732,199,26460,641,159400,
SURAT,459,690,1411,977,98856,2,2632,244,65679,0,0,188,118631,
SURENDRANAGAR,460,567,1712,914,120295,0,0,398,71303,43,4633,357,83984,
TAPI,641,478,1720,776,24730,1,1,448,38047,124,9249,371,29713,
VADODARA,461,655,1990,823,164491,3,35,632,181623,87,29064,445,143738,
VALSAD,462,461,1417,766,57376,1,8,506,174064,32,1370,112,78742,
AMBALA,58,444,1603,615,127869,1,113,501,77852,0,0,486,108298,
BHIWANI,59,313,1281,538,191850,2,986,442,114632,9,7359,290,162805,
CHARKI DADRI,701,170,479,66,30972,0,0,337,96775,16,3360,60,34739,Haryana
FARIDABAD,60,119,360,154,23313,0,0,120,30923,3,90,83,41006,
FATEHABAD,61,276,635,233,80691,4,445,302,132174,7,1869,89,22375,
Gurugram,62,167,501,121,23703,0,0,180,53863,97,28953,103,28436,
HISAR,63,260,736,248,155923,6,431,195,89413,131,87524,156,101203,
JHAJJAR,64,247,974,411,34737,7,152,327,90384,43,3864,186,58217,
JIND,65,301,654,79,31646,2,810,383,160640,4,1093,186,84013,
KAITHAL,66,283,469,82,11198,0,0,280,81674,0,0,107,38777,
KARNAL,67,440,1607,626,48072,8,3540,449,126952,349,46979,175,51421,
KURUKSHETRA,68,424,580,39,2205,0,0,479,83370,5,173,57,10821,
MAHENDRAGARH,69,362,730,227,54499,1,229,324,101593,5,2369,173,58690,
Nuh,604,414,1543,463,109797,12,727,531,93395,122,21439,415,110342,
PALWAL,619,281,389,62,8691,7,405,154,42686,37,8501,129,22710,
PANCHKULA,70,165,146,16,450,0,0,79,9812,11,359,40,8676,
PANIPAT,71,179,738,170,49552,7,467,227,73796,164,48532,170,56941,
REWARI,72,394,528,99,4447,0,0,355,53056,13,845,61,12237,
ROHTAK,73,127,376,85,46334,1,600,228,157930,10,1715,52,33806,
SIRSA,74,334,2240,313,38233,840,408445,407,109901,311,39787,369,69693,
SONIPAT,75,316,524,134,59105,1,454,234,108130,12,6440,143,54778,
YAMUNANAGAR,76,603,1492,653,49899,3,571,575,114677,21,3110,240,54972,
BILASPUR,15,951,1915,624,53241,8,439,589,73978,85,5577,609,72861,
CHAMBA,16,1111,2574,1014,41637,38,884,417,30782,635,13855,470,32757,
HAMIRPUR,17,1675,506,293,5782,16,17,131,7125,28,1370,38,2856,Himachal Pradesh
KANGRA,18,3582,3584,1036,44973,26,1142,811,46584,882,46844,829,49858,
KINNAUR,19,210,209,9,280,8,129,31,4785,55,3834,106,10745,
KULLU,20,311,347,102,13238,2,97,59,15090,73,9900,111,19539,
Lahaul And Spiti,21,264,193,116,2675,18,148,7,40,16,413,36,1367,
MANDI,22,3001,2701,1007,24311,48,1740,198,21988,612,20094,836,58246,
SHIMLA,23,2531,2029,622,17166,62,1295,223,15088,586,18444,536,24430,
SIRMAUR,24,959,2303,547,13317,68,860,386,18182,556,20375,746,34676,
SOLAN,25,2240,1248,264,4526,22,787,157,9279,628,19539,177,5067,
UNA,26,747,551,251,4305,17,1325,102,12530,136,8376,45,7302,
ANANTNAG,1,349,1827,980,22777,5,64,347,41059,208,21449,287,31897,
BANDIPORA,623,113,801,358,25870,1,10,135,22057,152,19602,155,29375,
BARAMULLA,3,518,2630,960,32815,23,1270,697,76316,514,47278,436,63179,Jammu & Kashmir
BUDGAM,2,476,2141,217,13329,1,35,214,25643,1559,48142,150,20350,
DODA,4,394,1784,633,15580,38,1705,355,26976,375,12026,383,19739,
GANDERBAL,626,129,1015,215,18901,22,2000,224,34668,361,41869,193,34100,
JAMMU,5,758,5911,3013,53307,109,932,800,52947,981,24014,1008,61249,
KATHUA,7,513,3431,1652,30062,30,284,552,42596,594,8695,603,40968,
KISHTWAR,620,156,609,174,8527,6,78,143,16441,141,6141,145,17082,
KULGAM,622,256,1098,278,25064,2,120,273,33091,157,7445,388,52023,
KUPWARA,8,366,1670,790,44042,0,0,416,45791,29,2349,435,72173,
POONCH,10,169,1033,491,8020,6,574,246,42807,37,4014,253,40082,
PULWAMA,11,318,1483,471,38499,10,768,354,49276,272,22506,376,54318,
Rajouri,12,365,2299,563,13669,44,1241,504,19695,724,9399,464,21081,
RAMBAN,621,144,812,361,8774,29,2080,143,12599,140,8844,139,15988,
REASI,627,256,644,301,12024,2,8,67,8926,85,848,189,21899,
SAMBA,624,334,741,504,9893,2,65,130,8585,45,1491,60,6209,
SHOPIAN,625,219,1147,267,9710,3,42,225,13117,418,13878,234,16210,
SRINAGAR,13,16,48,11,701,0,0,11,1515,15,1066,11,1125,
UDHAMPUR,14,367,1948,829,8979,16,173,413,21314,299,6325,391,22648,
BOKARO,322,691,4993,3717,92953,3,77,458,53476,405,10627,410,47824,
CHATRA,323,1329,7159,6498,108501,119,1169,192,28880,38,3760,312,25562,
DEOGHAR,324,2297,5514,4418,88659,12,104,441,44099,66,3570,577,47180,Jharkhand
DHANBAD,325,1135,3395,2874,128973,0,0,237,48469,54,1463,230,47275,
DUMKA,326,2671,8883,5866,137068,51,568,1165,53269,667,15038,1134,65874,
East Singhbum,327,1640,3722,2586,50807,39,305,420,62160,30,257,647,83499,
GARHWA,328,820,2690,1596,103354,22,827,408,127705,72,3797,592,180143,
GIRIDIH,329,2532,4869,2335,159250,1,25,864,108744,805,85883,864,111415,
GODDA,330,1577,6980,5725,208955,1,20,578,26749,108,1483,568,17243,
GUMLA,331,944,1101,577,17904,0,0,179,13326,171,12493,174,12992,
HAZARIBAGH,332,1201,4843,2635,245542,0,0,787,67408,697,49742,724,56741,
JAMTARA,333,1072,3052,2476,60248,4,73,265,45361,85,8010,222,37132,
KHUNTI,606,756,1940,1002,39342,8,169,414,45066,167,16331,349,42396,
KODERMA,334,565,1900,1169,35825,5,49,128,15220,119,4544,479,52659,
LATEHAR,335,754,2731,2146,61565,9,9,212,30987,133,10508,231,33016,
LOHARDAGA,336,353,4913,3336,82341,41,233,307,39486,974,22173,255,34298,
PAKUR,337,1137,3014,2350,56149,2,40,89,17933,501,13105,72,14519,
PALAMU,338,1678,3230,1742,203305,12,54,656,129547,53,1795,767,149910,
RAMGARH,607,319,212,176,1956,1,5,16,2912,9,988,10,1448,
RANCHI,339,1316,3928,3004,61769,12,138,372,54153,168,11770,372,56788,
Sahebganj,340,1322,4473,2384,270054,4,43,1087,209146,64,7599,934,193464,
Saraikela Kharsawan,341,1115,3230,2675,78338,0,0,296,48417,11,2655,248,39436,
SIMDEGA,342,449,1084,824,13690,0,0,129,10620,1,210,130,10503,
West Singhbhum,343,1649,7278,6165,123671,0,0,491,77286,21,441,601,81231,
Bagalkote,524,598,457,94,70945,0,0,191,197659,95,86885,77,73614,
BALLARI,528,272,672,120,37239,1,0,149,74592,194,93016,208,51163,
BELAGAVI,527,1221,2564,705,144017,45,8576,662,454153,572,339958,580,333190,Karnataka
BENGALURU RURAL,526,881,589,164,16069,7,1278,149,51362,138,30701,131,30249,
BENGALURU URBAN,525,629,143,23,13819,2,347,49,39923,29,5715,40,19484,
BIDAR,529,595,406,101,36428,0,0,182,113857,61,30867,62,51675,
CHAMARAJANAGARA,531,404,450,83,29347,2,13,136,102679,123,88945,106,43883,
CHIKKABALLAPURA,630,1285,674,106,21367,3,662,220,66404,214,47575,131,31141,
CHIKKAMAGALURU,532,1006,1831,378,51863,10,552,421,124707,700,98666,322,89901,
CHITRADURGA,533,948,765,189,65333,8,638,231,110627,13,515,324,115225,
Dakshina Kannada,534,354,769,243,61385,2,1,192,139125,81,28512,251,141045,
DAVANGERE,535,695,369,76,28813,30,0,188,151099,0,0,75,61382,
DHARWAD,536,350,551,117,63477,6,795,176,121690,115,89435,137,81706,
GADAG,537,318,492,125,77569,3,4,121,123343,113,94186,130,92746,
HASSAN,539,2276,988,278,100488,7,165,301,109038,114,33732,288,93018,
HAVERI,540,688,580,129,64640,5,10,280,196436,32,24240,134,82480,
KALABURAGI,538,856,1419,400,181185,8,2232,391,214160,261,152408,359,194663,
KODAGU,541,290,696,112,56245,5,96,222,113619,238,97699,119,61970,
KOLAR,542,1527,1311,222,47063,3,0,163,48953,767,103803,156,46418,
KOPPAL,543,580,1001,172,68742,5,1924,162,108128,565,151957,97,51802,
MANDYA,544,1324,785,247,137086,5,0,241,152826,53,14718,239,140579,
MYSURU,545,1153,1483,177,83931,9,598,304,145949,774,255418,219,80889,
RAICHUR,546,814,836,122,54223,6,4,185,123443,350,109327,173,56962,
RAMANAGARA,631,738,1316,264,38584,9,1118,292,91038,363,99987,388,62193,
SHIVAMOGGA,547,1405,1645,210,22467,12,1230,352,99991,742,119929,329,90426,
TUMAKURU,548,2517,1269,298,57093,6,35,328,127204,347,99668,290,89829,
UDUPI,549,247,515,178,77068,5,666,156,126076,18,8535,158,109743,
UTTARA KANNADA,550,1249,662,163,61251,8,953,232,107082,89,29635,170,75673,
Vijayanagar,738,315,921,199,55227,10,530,191,109456,231,106695,290,96589,
Vijayapura,530,652,789,187,122587,4,1644,219,164636,210,159028,169,119596,
YADGIR,635,466,318,67,33811,4,1330,146,102497,44,27358,57,37865,
ALAPPUZHA,554,83,850,165,24826,72,10551,175,149525,205,30620,233,293137,
ERNAKULAM,555,103,895,149,13059,73,2879,117,187451,449,107758,107,235228,
IDUKKI,556,67,812,134,37991,67,10255,72,102236,451,130522,88,111527,Kerala
KANNUR,557,105,891,190,18827,17,835,113,336721,386,149202,185,338033,
Kasaragod,558,119,1253,412,83021,30,8737,93,60540,608,134794,110,93521,
KOLLAM,559,91,691,108,31123,31,17267,80,144800,328,146715,144,238614,
KOTTAYAM,560,91,1905,370,81852,86,18044,106,268471,1106,392137,237,308876,
KOZHIKODE,561,92,1146,148,15282,29,3428,92,291982,508,103344,369,298268,
MALAPPURAM,562,116,991,94,22643,45,13034,74,234074,473,356362,305,428705,
PALAKKAD,563,148,1647,229,62790,78,9120,156,332369,817,292936,367,410936,
PATHANAMTHITTA,564,65,975,126,37536,83,24156,87,206383,335,99679,344,305507,
THIRUVANANTHAPURAM,565,95,1303,176,57713,109,43061,104,312559,767,371041,147,291279,
THRISSUR,566,214,1407,284,35328,72,10057,232,317439,535,226839,284,349203,
WAYANAD,567,45,703,65,9377,8,1991,45,59683,255,41325,330,132237,
KARGIL,6,125,38,4,0,0,0,18,2969,1,245,15,2342,
Leh Ladakh,9,115,46,1,0,0,0,18,3125,13,2213,14,3094,
Lakshadweep District,553,10,1183,67,77227,28,62,16,19855,1054,1711756,18,26661,Ladakh
Agar-Malwa,667,480,932,624,29116,5,72,255,32912,9,912,39,7350,
ALIRAJPUR,639,539,2655,2351,62253,13,159,137,17146,17,829,137,13664,Lakshadweep
ANUPPUR,390,567,2589,2101,144636,8,349,305,74888,24,4252,151,39323,Madhya Pradesh
ASHOKNAGAR,391,798,3174,2503,117986,19,2307,332,49185,156,23425,164,26291,
BALAGHAT,392,1245,11358,7942,307108,182,4749,1214,175611,951,115580,1069,154933,
BARWANI,393,683,2008,1735,87671,7,693,148,50655,16,5451,102,29401,
BETUL,394,1336,6845,5248,260946,42,2305,855,155552,73,10594,627,122400,
BHIND,395,876,3024,2327,62186,7,136,303,39211,158,12736,229,41246,
BHOPAL,396,478,1811,1319,54891,11,112,221,52861,102,10867,158,40958,
BURHANPUR,397,254,1707,1479,19333,1,125,160,35598,32,5347,35,7971,
CHHATARPUR,398,1077,6906,6015,151365,22,845,486,71012,172,6974,211,47040,
CHHINDWARA,399,1896,12137,8333,384411,34,801,1630,247788,1289,71826,851,151920,
DAMOH,400,1175,4248,2421,156555,2,60,924,157511,100,7496,801,152768,
DATIA,401,605,1178,745,18370,2,2,351,30693,48,1574,32,3269,
DEWAS,402,1050,3684,2498,206910,11,618,737,142274,110,9338,328,65640,
DHAR,403,1475,5944,3361,316298,153,13893,1291,26813499,706,71143,433,79983,
DINDORI,404,896,3645,2387,125831,14,565,567,77360,133,19408,544,72908,
GUNA,406,1247,3863,3546,287433,29,2339,173,30164,32,4210,83,24654,
GWALIOR,407,527,3540,3199,99801,19,180,270,45961,10,3497,42,9351,
HARDA,408,504,1889,1178,55776,17,1346,223,33958,271,15773,200,24049,
INDORE,410,608,2317,1123,70831,44,724,526,136659,295,37063,329,90149,
JABALPUR,411,1335,5036,2715,97748,35,999,1193,91329,82,4259,1011,61140,
JHABUA,412,780,2102,2020,78295,1,48,35,9915,17,1130,29,5288,
KATNI,413,884,4534,3690,242094,14,1810,440,132095,127,29998,263,84371,
Khandwa (East Nimar),405,702,3204,2467,140313,17,1697,366,97525,95,17455,259,71358,
Khargone (West Nimar),414,1146,5424,3227,330612,110,35398,984,167667,237,53267,866,176812,
MANDLA,415,1211,6929,4611,168410,40,1217,983,102766,393,27917,902,95191,
MANDSAUR,416,894,2313,1883,172190,2,94,284,72081,30,4339,114,48971,
MORENA,417,758,4018,3325,207196,7,77,480,138887,46,12042,160,51548,
Narmadapuram,409,900,3741,2655,106178,4,81,638,83515,315,18805,129,39248,
Narsimhapur,418,1017,4208,3662,87085,10,440,306,51046,104,6933,126,15129,
NEEMUCH,419,673,2595,1423,86240,28,2039,625,75995,172,18560,347,47442,
NIWARI,722,253,910,848,46544,1,25,29,5070,3,341,29,5598,
PANNA,420,936,4580,3755,157813,10,330,732,100022,21,3692,62,17005,
RAISEN,421,1391,8084,4825,218422,77,4796,1242,143574,850,73570,1090,105059,
RAJGARH,422,1663,4562,2818,175515,8,447,1456,122172,115,8306,165,46594,
RATLAM,423,1049,1971,978,117420,9,153,479,83637,63,11589,442,88906,
REWA,424,2321,9084,7391,241469,85,2501,735,56509,240,10740,633,49444,
SAGAR,425,1766,9618,6015,305445,45,855,1598,171729,658,66457,1302,144968,
SATNA,426,1762,7845,4453,242254,204,11165,1292,173480,556,25065,1340,141871,
SEHORE,427,1026,5024,3480,564197,12,860,381,96527,988,189333,163,54550,
SEONI,428,1551,8318,5247,274831,65,1623,1367,165312,349,38359,1290,126921,
SHAHDOL,429,813,6446,5333,164427,42,709,684,160192,38,6971,349,96293,
SHAJAPUR,430,591,2107,904,113050,4,207,656,142844,349,36010,194,42777,
SHEOPUR,431,498,1164,882,49000,10,545,192,41311,62,12268,18,7758,
SHIVPURI,432,1226,3578,2249,95029,2,12,844,61984,105,23967,378,45853,
SIDHI,433,1025,6152,4503,133907,8,482,820,210521,488,13546,333,69063,
SINGRAULI,638,700,4058,1506,59644,20,384,1004,72681,653,26549,875,73672,
TIKAMGARH,434,623,2219,1972,89712,1,500,109,45924,11,1629,126,38632,
UJJAIN,435,1096,3670,2448,232355,12,2412,836,158132,121,20601,253,55762,
UMARIA,436,577,3015,2339,70904,12,483,359,57902,32,2702,273,51798,
VIDISHA,437,1521,6345,3162,189476,17,670,1498,173252,510,55412,1158,129582,
AHMEDNAGAR,466,1575,8464,4503,641632,419,12691,1561,478781,483,72301,1498,433189,
AKOLA,467,830,3635,1834,333339,3,7,655,171615,531,65163,612,164001,
AMRAVATI,468,1589,5247,1515,272624,15,156,1246,233548,1302,148411,1169,233278,Maharashtra
BEED,470,1357,2570,1296,173640,3,2,446,103210,329,9566,496,102226,
BHANDARA,471,765,2432,953,158221,8,267,485,118255,460,51332,526,91789,
BULDHANA,472,1253,3556,1274,153462,1,0,852,232053,1011,82634,418,103713,
CHANDRAPUR,473,1402,5183,2040,280378,5,1947,1312,236633,880,136863,946,181643,
Chhatrapati Sambhajinagar,469,1299,3650,1226,222534,5,118,1095,213631,285,46488,1039,188829,
Dharashiv,488,720,2925,1163,164903,265,22624,570,151169,372,69744,555,107155,
DHULE,474,671,2448,969,81141,1,0,478,60304,500,57724,500,57079,
GADCHIROLI,475,1474,5557,2647,223619,10,44,992,139774,1108,57108,800,132933,
GONDIA,476,869,4794,2640,146910,2,27,581,75997,915,48714,656,64835,
HINGOLI,477,655,1081,599,58462,0,0,224,49661,38,2547,220,32026,
JALGAON,478,1487,5385,1844,249451,46,9365,1442,318622,682,183025,1371,280627,
JALNA,479,950,2336,896,189918,5,645,551,155381,334,53915,550,156483,
KOLHAPUR,480,1191,2753,1005,267216,5,110,870,370768,78,35898,795,262017,
LATUR,481,921,2169,928,133775,17,2631,415,111787,396,39067,413,88570,
NAGPUR,484,1504,5674,2070,188694,24,338,1548,249559,1013,101757,1019,167336,
NANDED,485,1532,4471,1648,289484,4,1,1077,244145,497,103952,1245,236221,
NANDURBAR,486,936,2121,1150,152197,2,30,422,124672,109,23501,438,118852,
NASHIK,487,1912,8342,2716,398339,37,982,1624,346921,2330,200827,1635,287571,
PALGHAR,665,901,5038,1783,242104,50,4720,896,227974,1045,171512,1264,193379,
PARBHANI,489,825,2582,1392,121619,2,9,394,86621,217,19828,577,78809,
PUNE,490,1831,5180,1813,434798,168,19052,1216,436347,988,307608,995,345600,
RAIGAD,491,1833,6374,2155,286769,22,1104,1555,281534,199,19095,2443,285815,
RATNAGIRI,492,1533,8519,2285,152341,2,20,573,109942,32,1531,5627,274333,
SANGLI,493,723,2128,925,170313,21,2075,554,188494,169,37046,459,113731,
SATARA,494,1742,5640,2531,257611,196,4076,1235,189087,481,69005,1197,148642,
SINDHUDURG,495,742,3425,995,170705,2,0,710,146410,950,69453,768,158713,
SOLAPUR,496,1125,7492,4361,341454,80,2763,973,144079,955,247007,1123,125685,
THANE,497,777,3006,1339,97977,12,719,624,114138,515,68956,516,67906,
WARDHA,498,880,4192,1584,199764,6,38,888,220386,1086,40201,628,138903,
WASHIM,499,681,1721,828,131566,14,334,335,104731,231,53185,313,92190,
YAVATMAL,500,1791,5725,1903,324335,7,127,1259,271384,1221,206112,1335,291219,
BISHNUPUR,252,48,13,7,173,0,0,3,843,0,0,3,816,
CHANDEL,253,265,62,54,599,0,0,1,209,0,0,7,644,
CHURACHANDPUR,254,524,390,26,1410,3,82,20,967,197,13378,144,5199,Manipur
IMPHAL EAST,255,152,13,2,1355,0,0,2,1355,4,1263,5,2155,
IMPHAL WEST,256,113,61,34,7566,0,0,12,6395,1,1239,14,7875,
JIRIBAM,713,50,153,80,3031,0,0,11,662,28,1008,34,1202,
KAKCHING,711,28,18,5,5784,0,0,6,6189,0,0,7,7751,
KAMJONG,717,121,54,29,1009,0,0,11,1149,1,25,13,1225,
KANGPOKPI,712,527,59,20,1298,0,0,18,1248,1,25,20,1298,
NONEY,714,73,23,1,169,0,0,0,0,0,0,22,2182,
PHERZAWL,715,89,25,15,2987,0,0,1,27,1,27,8,650,
SENAPATI,257,136,58,40,382,0,0,2,202,0,0,16,387,
TAMENGLONG,258,102,21,9,480,0,0,5,539,0,0,7,594,
TENGNOUPAL,716,165,21,8,1005,0,0,5,540,0,0,8,859,
THOUBAL,259,60,36,11,402,0,0,11,755,0,0,14,1445,
UKHRUL,260,96,36,16,1382,0,0,8,1424,3,200,9,1541,
Name: Meghalaya ,,,,,,,,,,,,,,
EAST GARO HILLS,273,530,285,192,2191,0,0,26,1179,0,0,67,3793,
EAST JAINTIA HILLS,657,190,135,56,2620,0,0,25,8628,3,185,51,3230,
EAST KHASI HILLS,274,924,533,296,9073,8,851,17,5519,12,698,200,16829,Meghalaya
EASTERN WEST KHASI HILLS,740,201,286,208,4486,0,0,7,292,4,186,67,4378,
NORTH GARO HILLS,656,539,203,112,4966,0,0,23,2064,1,85,67,4833,
RI BHOI,276,584,82,16,1159,0,0,3,473,0,0,63,5798,
SOUTH GARO HILLS,277,749,75,8,82,0,0,10,555,1,31,56,1753,
SOUTH WEST GARO HILLS,663,468,86,22,677,5,178,5,158,4,122,50,3445,
SOUTH WEST KHASI HILLS,658,296,113,10,269,0,0,24,1740,0,0,79,6084,
WEST GARO HILLS,278,1097,395,122,7126,0,0,171,14810,24,939,78,4763,
WEST JAINTIA HILLS,275,301,95,30,2066,0,0,12,3764,17,2160,36,4665,
WEST KHASI HILLS,279,586,237,32,1365,0,0,69,2684,0,0,136,6354,
AIZAWL,261,62,274,137,8051,1,40,59,14731,7,1049,70,10437,
CHAMPHAI,262,42,118,74,6638,0,0,24,5239,0,0,20,3368,
HnahThial,726,25,119,55,3982,0,0,25,3900,17,2472,22,3196,Mizoram
KHAWZAWL,728,25,112,58,3318,0,0,17,3322,0,0,37,5874,
KOLASIB,263,30,80,40,1920,0,0,10,1926,0,0,30,9070,
LAWNGTLAI,264,151,302,226,2544,1,0,14,4380,12,2639,49,11083,
LUNGLEI,265,100,524,233,13361,0,0,97,7086,107,6855,87,12794,
MAMIT,266,82,304,186,2997,0,0,48,9116,0,0,70,11312,
SAITUAL,727,36,199,108,9153,0,0,39,8089,11,1163,41,5638,
SERCHHIP,268,33,239,182,988,0,0,22,3372,2,15,33,5708,
Siaha,267,51,195,148,6704,0,0,0,0,0,0,47,9456,
Chumoukedima,758,71,76,24,1147,0,0,3,85,13,174,36,2927,
DIMAPUR,244,42,24,16,1370,0,0,2,439,1,25,5,925,
KIPHIRE,614,109,529,90,5263,0,0,164,4224,61,1617,214,5898,Nagaland
KOHIMA,245,63,231,26,2267,0,0,1,200,145,951,59,3034,
LONGLENG,615,49,217,27,1202,0,0,0,0,24,1106,166,5516,
MOKOKCHUNG,246,109,1643,61,16476,0,0,64,15416,1319,19858,199,68407,
MON,247,139,531,132,20008,0,0,57,11722,113,4703,229,13721,
Niuland,764,110,403,74,3601,0,0,82,1325,61,656,186,2507,
Noklak,736,50,91,25,4061,0,0,52,6268,0,0,14,2120,
PEREN,613,104,143,67,4938,0,0,29,5492,14,417,33,1006,
PHEK,248,111,609,181,10600,0,0,53,5156,104,3968,271,10539,
Shamator,765,30,85,41,5651,0,0,24,5152,1,64,19,2348,
Tseminyu,757,42,33,26,2653,0,0,0,0,0,0,7,615,
TUENSANG,249,62,240,74,7771,0,0,54,6993,30,2507,82,5541,
WOKHA,250,148,556,40,636,0,0,22,465,468,10217,26,627,
ZUNHEBOTO,251,186,814,102,8277,0,0,6,2416,104,9035,602,10842,
Anugul,344,1598,4739,2082,219362,1,160,1293,192593,44,3704,1319,191386,
BALANGIR,345,1741,4835,1906,258781,2,0,1372,236155,51,3474,1504,262374,
Baleshwar,346,2599,7676,3320,410355,25,2340,2073,369548,147,15203,2111,354412,Odisha
BARGARH,347,1176,4630,2455,268076,13,560,1023,190185,73,6142,1066,190613,
BHADRAK,348,1219,3192,1466,148376,1,40,815,139088,48,5646,862,160325,
BOUDH,349,1119,4175,2351,57471,0,0,888,68985,81,5073,855,57883,
CUTTACK,350,1910,8744,4854,544241,5,231,1664,243377,300,21628,1921,277944,
Deogarh,351,704,2616,1038,65754,0,0,749,71458,54,2807,775,73261,
DHENKANAL,352,1064,3558,1370,169488,1,0,1039,243079,163,12045,985,234007,
GAJAPATI,353,1465,3654,783,32689,0,0,1480,69135,177,5910,1214,65798,
GANJAM,354,2760,11417,3323,577124,69,6367,2755,582219,2434,490459,2836,560434,
JAGATSINGHAPUR,355,1220,5219,2529,191790,2,26,1207,175890,250,7359,1231,204889,
JAJAPUR,356,1561,5059,1976,203785,3,100,1351,229730,529,32045,1200,201799,
JHARSUGUDA,357,348,1548,701,70114,3,55,370,71569,115,5304,359,69765,
KALAHANDI,358,1991,4262,1765,196032,0,0,1089,145008,201,42092,1207,172767,
KANDHAMAL,359,2373,5737,1245,103043,1,23,2268,134483,7,852,2216,132938,
KENDRAPARA,360,1423,3137,1289,188340,0,0,877,163598,93,12285,878,164982,
KENDUJHAR,361,2045,6428,2649,305891,2,185,1811,261671,81,8972,1885,274516,
KHORDHA,362,1373,4373,2135,167338,16,403,1042,163132,163,6590,1017,158955,
KORAPUT,363,1910,5480,2429,170937,7,229,1306,131009,204,13776,1534,138520,
MALKANGIRI,364,965,1791,709,60349,2,47,495,60396,103,12505,482,59383,
MAYURBHANJ,365,3696,9053,7004,512781,28,1560,675,115791,319,17937,1027,145204,
Nabarangpur,366,859,1922,522,40309,0,0,643,101801,208,22223,549,111970,
NAYAGARH,367,1496,5821,2441,269826,5,193,1653,215093,98,10178,1624,214665,
NUAPADA,368,642,3614,1833,88562,1,18,649,62265,204,7425,927,67416,
PURI,369,1606,4748,2134,196494,4,265,1144,170689,296,33405,1170,175231,
RAYAGADA,370,2422,6757,2668,193616,0,0,1905,154277,155,7154,2029,166056,
SAMBALPUR,371,1175,3064,1174,103464,0,0,914,115591,145,18788,831,109078,
SONEPUR,372,836,2938,1383,114201,2,48,724,110691,65,3124,764,79758,
SUNDARGARH,373,1683,5934,2449,219779,7,1254,1601,221982,174,6906,1703,179770,
KARAIKAL,598,24,100,26,12024,0,0,45,16595,3,140,26,11622,
PONDICHERRY,600,67,465,80,35046,0,0,214,198302,91,72253,80,90519,
AMRITSAR,27,703,353,90,31550,1,500,87,29936,87,27592,88,31314,Puducherry
BARNALA,605,122,92,35,26553,0,0,28,22860,0,0,29,23334,
BATHINDA,28,268,221,74,33803,17,33,60,33209,9,4887,61,32124,Punjab
FARIDKOT,29,163,356,138,46226,0,0,109,44333,1,850,108,44531,
FATEHGARH SAHIB,30,429,781,261,44540,0,0,260,43348,0,0,260,43728,
FAZILKA,651,296,515,156,50905,2,836,151,49060,54,19837,152,50264,
FEROZEPUR,31,656,1008,375,43937,0,0,295,40270,23,5060,315,42248,
GURDASPUR,32,1128,119,43,8956,1,592,36,8191,0,0,39,8425,
HOSHIARPUR,33,1377,2911,991,176005,5,997,960,174480,8,2041,947,172762,
JALANDHAR,34,874,163,48,18802,0,0,55,23469,14,6981,46,20244,
KAPURTHALA,35,597,437,148,20359,1,80,141,19640,14,3662,133,19473,
LUDHIANA,36,888,569,171,73992,0,0,169,72602,60,14203,169,72444,
MALERKOTLA,737,177,118,41,10682,0,0,40,11352,0,0,37,10035,
MANSA,37,234,168,76,23191,0,0,45,22096,0,0,47,22971,
MOGA,38,314,491,189,57710,1,25,148,53782,2,1152,151,56005,
PATHANKOT,662,361,248,96,21002,0,0,73,18476,3,660,76,19033,
PATIALA,41,898,941,298,68610,2,856,317,66290,3,824,321,67320,
RUPNAGAR,42,595,478,160,23332,0,0,160,23980,3,399,155,23254,
S.A.S Nagar,608,336,339,88,19532,0,0,87,20018,78,18162,86,19729,
SANGRUR,43,381,139,49,14945,0,0,47,16644,0,0,43,13848,
Shahid Bhagat Singh Nagar,40,465,580,191,46203,0,0,195,46382,1,20,193,46434,
Sri Muktsar Sahib,39,232,661,174,70495,0,0,166,68587,154,62266,167,69093,
Tarn Taran,609,484,64,16,3509,0,0,16,3925,16,4039,16,3508,
AJMER,86,1084,4662,1396,304540,4,545,991,235525,1312,165554,959,248574,
ALWAR,87,1089,5584,1708,355497,9,969,1155,218727,1525,153652,1187,228232,
Anupgarh,776,1474,3271,1531,85386,7,119,828,73033,77,5328,828,75301,Rajasthan
Balotra,775,848,4565,1141,210060,100,20234,941,178601,1446,154120,937,179159,
BANSWARA,88,1497,5747,1431,254580,15,2256,1386,263512,2206,166203,709,162143,
BARAN,89,1097,2753,1513,169270,1,5,351,111236,571,24329,317,91233,
BARMER,90,1782,9905,2409,404746,62,10778,2654,405766,2663,319034,2117,389064,
Beawar,774,106,339,107,29778,0,0,106,26685,12,2555,114,25744,
BHARATPUR,91,754,4182,1387,180372,1,50,1146,149645,974,53616,674,124352,
BHILWARA,92,1081,4933,1316,313974,69,3539,1140,285362,1280,229752,1128,294575,
BIKANER,93,783,4589,1334,155294,24,2028,742,127858,1748,86850,741,137758,
BUNDI,94,875,5382,2146,159697,19,674,1426,135527,1436,84966,355,88359,
CHITTORGARH,95,1584,3304,1546,194911,6,278,844,121067,135,11370,773,111616,
CHURU,96,864,2647,981,168266,6,919,545,137894,572,25381,543,133760,
DAUSA,97,1087,5294,1132,138036,11,57,827,141618,2503,149026,821,146383,
Deeg,767,657,3169,996,132919,1,256,714,141140,877,75542,581,139211,
DHOLPUR,98,797,4251,1730,131578,16,852,728,117613,1045,63104,732,125405,
Didwana-Kuchaman,768,784,3367,905,157084,2,533,802,150129,849,132622,809,159520,
Dudu,769,230,1507,363,68400,94,19621,286,60071,442,46398,322,67901,
DUNGARPUR,99,975,3456,1129,266435,84,18127,663,175037,1017,154935,563,129253,
GANGANAGAR,100,1405,2151,804,62461,9,141,725,63949,9,131,604,51922,
Gangapurcity,771,476,1087,314,64342,1,135,286,63726,188,23850,298,66636,
HANUMANGARH,101,1813,1405,187,53244,2,30,575,44988,73,5910,568,55587,
Jaipur (Gramin),783,1662,8634,2527,559476,126,36509,2034,509025,1967,401841,1980,528562,
JAISALMER,103,735,2822,1913,123697,5,176,731,82365,6,942,167,29011,
Jalore,104,363,1592,376,170247,11,1089,369,180380,477,142506,359,154014,
JHALAWAR,105,1469,6682,1692,240801,20,1367,1586,232531,1912,212426,1472,231682,
JHUNJHUNU,106,813,5126,1423,255021,94,5302,908,173735,1718,77271,983,184677,
Jodhpur (Gramin),778,1187,3007,1567,313658,3,1236,1125,230726,15,1742,297,73308,
KARAULI,108,628,2189,565,104259,0,0,503,95510,575,95162,546,95230,
Kekri,781,103,554,110,21132,0,0,94,16218,256,16973,94,19309,
Khairthal-Tijara,770,570,3635,1147,176952,0,0,680,142797,1081,128530,727,149482,
KOTA,109,801,4280,1476,128171,2,67,1137,132031,842,73816,823,117781,
Kotputli-Behror,782,556,2821,864,250579,6,1089,572,184193,769,163418,610,195024,
NAGAUR,110,827,3376,1046,197708,3,0,790,147568,816,114812,721,126467,
Neem Ka Thana,773,440,1977,584,184608,7,1803,435,127448,538,90662,413,139126,
PALI,111,1004,4152,1304,268081,6,819,961,193021,987,121972,894,176785,
Phalodi,772,681,2009,1172,166867,3,71,669,103035,110,10656,55,17350,
PRATAPGARH,629,969,3939,1488,157946,159,15121,866,127058,598,46543,828,118208,
RAJSAMAND,112,1013,4161,1359,231984,73,7169,1050,199969,714,76345,965,200232,
Salumbar,777,610,2838,1274,92682,9,357,527,88848,461,24020,567,107504,
Sanchore,779,429,1712,435,125214,7,1342,407,121873,462,109434,401,115174,
SAWAI MADHOPUR,113,478,1351,469,81002,0,0,379,87616,144,20077,359,80964,
Shahpura,780,666,2850,720,213131,3,338,661,222363,823,214870,643,212940,
SIKAR,114,915,4147,1266,345007,31,4880,980,304237,977,186457,893,300897,
SIROHI,115,466,1835,536,163994,1,150,420,160753,473,132946,405,154452,
TONK,116,1041,4261,1058,154565,10,1115,1126,167466,1121,69531,946,147262,
UDAIPUR,117,1878,10824,3837,348272,119,19590,1897,296346,3170,211944,1801,346719,
GANGTOK,225,50,154,35,1579,2,102,37,5462,47,2146,33,3262,
GYALSHING,228,64,158,47,2884,0,0,35,4581,27,2260,49,4654,
MANGAN,226,51,178,53,961,0,0,28,3626,47,1062,50,3006,Sikkim
NAMCHI,227,134,419,126,4886,0,0,109,13450,66,4742,118,7726,
Pakyong,741,53,128,39,1784,0,0,31,5213,28,2315,30,3812,
Soreng,742,48,149,40,577,0,0,39,6351,33,1292,37,1695,
Ariyalur,610,179,4364,297,246663,0,0,1459,336101,2393,238057,215,190545,
CHENGALPATTU,730,346,5795,506,293859,2,542,1895,848472,3011,683437,381,285959,
COIMBATORE,569,223,1987,293,148760,80,14574,779,262004,508,113063,327,188299,Tamil Nadu
CUDDALORE,570,656,6894,758,364265,3,3737,2523,893215,2919,702612,691,359597,
DHARMAPURI,571,247,3122,266,113111,1,1,1175,393317,1421,144880,259,148511,
DINDIGUL,572,288,5442,737,309425,2,100,1898,468051,2481,391537,324,272990,
ERODE,573,217,8500,496,277563,7,356,2179,590901,5557,389164,261,218498,
KALLAKURICHI,729,405,3205,438,149713,4,1456,1192,436056,1134,454032,437,175898,
Kancheepuram,574,269,3950,394,154671,0,0,1330,472394,1947,519912,279,123393,
Kanniyakumari,575,81,2748,174,160767,1,450,798,334851,1680,330382,95,113373,
KARUR,576,158,3878,307,194415,2,514,1169,332686,2231,158651,169,180080,
KRISHNAGIRI,577,319,13619,858,270480,40,6237,3238,506766,8957,461317,526,159628,
MADURAI,578,387,7112,729,390185,10,4431,1831,718177,4070,972162,472,231694,
Mayiladuthurai,735,240,5745,323,216008,0,0,1869,355505,3291,221130,262,171544,
NAGAPATTINAM,579,186,4294,309,162467,0,0,1427,315378,2360,302719,198,82489,
NAMAKKAL,580,293,6001,1017,332742,4,2018,1573,302944,3078,120400,329,267869,
PERAMBALUR,581,124,2100,171,107923,2,2833,886,262880,912,142687,129,99547,
PUDUKKOTTAI,582,472,10760,816,363972,44,3213,2440,674622,6917,727451,543,272405,
RAMANATHAPURAM,583,350,9969,987,572095,12,4965,2768,535317,5608,317632,594,340428,
RANIPET,731,278,2813,307,144536,0,0,970,462261,1236,333435,300,151579,
SALEM,584,374,18555,838,484780,6,1030,4853,2360554,12413,6057380,445,266066,
SIVAGANGA,585,394,5158,641,330311,5,2928,1394,1131167,2646,1456909,472,214230,
TENKASI,733,192,2152,263,166215,6,506,760,369537,855,359506,268,169986,
THANJAVUR,586,589,11651,785,377227,4,700,3888,807359,6361,563696,613,335912,
The Nilgiris,587,34,987,87,14330,0,0,62,76292,797,54752,41,29020,
THENI,588,82,3091,302,168093,1,1,1110,302391,1516,134260,162,140535,
Thiruvallur,589,452,7133,665,331796,4,2826,1958,817871,3958,505727,548,291823,
Thiruvarur,590,431,5360,667,280176,0,0,1428,395819,2823,435362,442,223515,
Thoothukkudi,594,372,9236,860,306483,3,385,2909,619799,5018,436979,446,219848,
TIRUCHIRAPPALLI,591,379,12138,739,334768,11,3061,3719,799169,7137,448400,532,275039,
TIRUNELVELI,592,193,2379,240,185588,0,0,766,267070,1139,186620,234,217387,
TIRUPATHUR,732,161,5572,236,75166,3,422,1528,341378,3587,349931,218,112193,
TIRUPPUR,634,266,11411,597,221029,4,740,3169,918907,7348,1397287,293,161074,
TIRUVANNAMALAI,593,823,15584,2165,942220,15,1489,2586,1247402,9868,2525712,950,401580,
VELLORE,595,238,4550,289,165433,3,0,1601,477299,2394,462620,263,170442,
Viluppuram,596,675,9597,862,412074,14,6667,3327,1004265,4631,928859,763,375010,
VIRUDHUNAGAR,597,361,7089,689,367296,0,0,2274,730780,3653,647512,473,283108,
ADILABAD,501,460,1815,420,100756,12,3439,529,122071,428,98018,426,104339,
Bhadradri Kothagudem,690,317,1218,348,78482,15,2585,363,112838,146,32394,346,111866,
HANUMAKONDA,686,136,682,157,67540,5,1240,206,90491,161,52945,153,69302,Telangana
Jagitial,681,280,1422,420,129426,13,673,343,162884,338,109787,308,156650,
Jangoan,689,173,718,208,81036,5,1639,224,101745,65,19926,216,95056,
JAYASHANKAR BHUPALAPALLY,687,198,932,248,77873,31,4864,269,88517,156,32644,228,78846,
JOGULAMBA GADWAL,695,195,1022,247,71302,8,229,299,101357,227,51010,241,86107,
KAMAREDDY,685,431,2286,548,123134,110,12604,601,172791,497,103384,530,152076,
KARIMNAGAR,508,198,1128,206,94085,1,340,526,179195,193,39192,202,106824,
KHAMMAM,509,350,1197,373,165757,6,945,378,177276,65,22509,375,178331,
Kumuram Bheem Asifabad,699,383,1510,417,69155,11,1030,402,80797,272,43726,408,80279,
MAHABUBABAD,688,264,1026,287,86803,25,3834,303,111981,133,32979,278,103293,
Mahabubnagar,512,310,1218,346,97394,0,0,460,136340,75,16359,337,106695,
MANCHERIAL,684,334,1277,410,101542,4,801,412,118065,60,12853,391,113131,
MEDAK,513,366,1655,413,109749,24,2509,457,139064,363,71721,398,122948,
Medchal Malkajgiri,700,61,180,58,23490,0,0,60,25216,3,411,59,24328,
MULUGU,720,228,847,259,50917,1,44,231,53716,132,19325,224,53277,
NAGARKURNOOL,694,345,1785,404,111748,27,3080,517,159873,426,112432,411,135857,
NALGONDA,514,596,2751,678,179486,45,6025,676,221470,679,144866,673,221978,
NARAYANPET,721,236,763,242,72186,1,280,247,86585,28,8188,245,87669,
NIRMAL,680,375,1735,425,90989,55,10612,460,114361,367,62728,428,112342,
NIZAMABAD,516,429,1930,491,169870,11,1058,503,213262,469,105851,456,194802,
PEDDAPALLI,682,201,927,420,132288,3,882,229,106257,49,13342,226,106209,
Rajanna Sircilla,683,160,724,215,90953,3,242,231,101099,75,24174,200,93148,
Ranga Reddy,518,424,1668,462,125443,9,2100,490,151567,257,49228,450,145552,
SANGAREDDY,691,545,2635,619,149820,72,5996,685,202908,642,130699,617,179638,
SIDDIPET,692,362,1456,434,126069,18,2196,458,182643,123,26256,423,170395,
SURYAPET,696,315,1434,364,113150,53,7306,369,137451,283,57041,365,133560,
VIKARABAD,698,468,2517,1058,223014,25,4100,688,177036,150,29441,596,153613,
WANAPARTHY,693,211,836,220,69254,8,602,239,76542,145,37962,224,71513,
WARANGAL,522,162,788,212,94419,2,9,278,119938,106,31174,190,92104,
Yadadri Bhuvanagiri,697,358,1494,423,130632,7,1239,425,151050,230,45263,409,139892,
DHALAI,269,122,902,294,117598,1,7,218,56876,203,19408,186,90123,
GOMATI,654,118,1390,662,91031,26,287,208,33671,348,21769,146,41053,
KHOWAI,652,69,626,240,26063,17,90,134,18072,136,14843,99,19869,Tripura
NORTH TRIPURA,270,80,2530,711,41975,0,0,136,66002,1580,29040,103,52666,
SEPAHIJALA,653,108,1933,590,124340,3,440,246,66240,903,37296,191,72585,
SOUTH TRIPURA,271,121,4547,997,103933,0,0,182,36164,3182,38562,186,48862,
UNAKOTI,655,70,711,200,28150,24,1200,107,30694,310,26452,70,24045,
WEST TRIPURA,272,77,1591,540,122408,38,248,274,101496,551,66137,188,58546,
AGRA,118,902,4644,3295,260615,5,1715,530,248147,324,10135,490,263322,
ALIGARH,119,1122,6017,2697,183641,15,250,1428,211580,842,72393,1035,202076,
AMBEDKAR NAGAR,121,1591,3714,1496,297919,11,70,871,271924,394,127230,942,260801,Uttar Pradesh
AMETHI,640,982,5231,2200,357184,2,1772,1128,348508,1123,251148,778,262777,
AMROHA,154,915,2646,1052,287263,3,1012,770,274952,239,108150,582,262382,
AURAIYA,122,769,2467,1389,179897,12,169,500,173409,70,4335,496,177868,
AYODHYA,140,1147,7406,4030,266906,10,2076,1185,178314,1304,72662,877,256467,
AZAMGARH,123,3786,9229,4599,546494,66,1857,2208,504027,384,24793,1972,493101,
Baghpat,124,275,2295,1712,163843,1,400,365,98940,76,14823,141,116322,
BAHRAICH,125,1357,5965,3834,429468,26,3282,789,296113,636,82502,680,363619,
BALLIA,126,1833,5515,2870,565426,10,1205,1045,460401,555,92567,1035,444910,
BALRAMPUR,127,988,3740,2229,223207,4,18,664,208346,333,25029,510,197275,
BANDA,128,653,2197,1249,253333,0,0,418,214245,142,33097,388,251756,
Bara Banki,129,1781,6216,2149,546530,6,280,1699,387814,1191,315700,1171,459738,
BAREILLY,130,1860,4069,1623,335729,4,163,1290,231790,169,10981,983,272795,
BASTI,131,3063,12399,3643,322163,14,598,2518,329737,3836,308567,2388,326878,
BHADOHI,179,1072,3485,1261,255513,7,1046,739,189900,742,181903,736,201731,
BIJNOR,132,2250,10715,3823,424342,5,12,2768,564008,2487,342236,1632,418502,
BUDAUN,133,1475,4807,1647,203448,3,387,1457,332716,597,44728,1103,333960,
BULANDSHAHR,134,1165,8598,3711,360073,5,103,2087,478900,2109,158184,686,302681,
CHANDAULI,135,1511,4590,2706,251231,13,1024,791,255730,337,12414,743,242455,
CHITRAKOOT,136,555,3311,1639,121868,3,34,681,78152,706,44174,282,108924,
DEORIA,137,1939,6719,3766,315277,11,141,1576,275801,440,29712,926,304318,
ETAH,138,843,2416,802,280873,2,142,616,213023,484,176635,512,230473,
ETAWAH,139,680,8051,6353,219826,36,1585,613,114785,489,47024,560,115167,
FARRUKHABAD,141,840,3450,2155,222096,4,608,618,175374,213,33477,460,175752,
FATEHPUR,142,1321,7601,3793,424884,80,26119,1561,292791,1035,174467,1132,283855,
FIROZABAD,143,783,2760,1622,306041,5,945,497,159494,178,22043,458,151403,
GAUTAM BUDDHA NAGAR,144,96,418,174,21977,1,500,99,21737,27,1265,117,5546,
GHAZIABAD,145,170,922,360,51198,1,590,231,90258,216,54106,114,63542,
GHAZIPUR,146,2769,9207,4638,524406,5,75,1674,448650,1320,115928,1570,430296,
GONDA,147,1791,7598,4566,251644,6,218,1389,360100,729,52912,908,341213,
GORAKHPUR,148,2797,14685,7221,457079,78,4698,3116,271884,1373,74668,2897,228333,
HAMIRPUR,149,474,2170,1026,222250,2,33,562,200439,212,53853,368,198738,
HAPUR,661,322,1373,574,84824,0,0,349,98316,266,10319,184,88530,
HARDOI,150,1904,10251,5009,922967,4,513,2117,441877,1423,160591,1698,515229,
HATHRAS,163,644,2660,910,202597,8,2253,417,147363,922,55886,403,158097,
JALAUN,151,925,3460,1421,240260,1,300,1072,173614,503,47783,463,219947,
JAUNPUR,152,3193,12377,5703,662012,11,561,2372,504852,2205,281027,2086,439977,
JHANSI,153,740,3384,2203,186261,15,470,501,159411,235,24021,430,156581,
KANNAUJ,155,688,2346,887,21681,9,104,621,56809,384,10963,445,15263,
KANPUR DEHAT,156,922,4693,2287,266193,17,1047,1271,258838,776,70106,342,130543,
KANPUR NAGAR,157,912,5409,3059,337509,78,1846,1206,157025,437,13170,629,217431,
KASGANJ,633,655,3446,1452,184419,10,847,748,109509,576,91285,660,118996,
KAUSHAMBI,158,685,2687,1820,317667,1,5,451,214845,27,10832,388,223075,
Kheri,159,1691,10944,7823,529026,50,2636,1423,458973,533,27361,1115,435280,
KUSHINAGAR,160,1426,6417,3455,309980,15,1509,1094,341456,1160,36438,693,308715,
LALITPUR,161,692,3450,1844,201866,5,110,579,82438,537,58291,485,95153,
LUCKNOW,162,698,3810,1637,207304,3,262,907,221046,396,11050,867,246860,
MAHOBA,165,429,1588,759,139908,0,0,311,120946,198,23895,320,138416,
Mahrajganj,164,1195,5363,3114,395653,3,811,1025,358190,246,15263,975,354281,
MAINPURI,166,808,3905,1784,303233,109,8751,603,169070,938,25331,471,187279,
MATHURA,167,673,2612,951,250727,4,38,737,230230,371,81989,549,216201,
MAU,168,1453,4449,1374,266393,29,198,1124,246935,847,151057,1075,245130,
MEERUT,169,601,3412,1377,151203,1,0,758,186157,638,63206,638,220902,
MIRZAPUR,170,1909,7246,3432,440026,10,466,1598,382866,849,178450,1357,347874,
MORADABAD,171,1009,2830,1458,197068,5,1462,541,186905,321,51208,505,195753,
MUZAFFARNAGAR,172,674,3347,1435,217711,10,1606,741,226626,651,129521,510,209741,
PILIBHIT,173,1291,4280,1538,502971,2,16,1045,318328,1005,405267,690,279169,
PRATAPGARH,174,2013,5721,2839,605664,13,1095,1208,457234,566,70906,1095,436283,
PRAYAGRAJ,120,2635,8137,3483,534223,16,836,2194,482144,825,29843,1619,448275,
RAE BARELI,175,1549,5729,2775,374384,6,196,1653,473736,285,41270,1010,362186,
RAMPUR,176,1147,3868,1590,231027,36,1917,790,151874,708,101551,744,178795,
SAHARANPUR,177,1259,4027,1829,229390,6,865,1255,174546,589,86988,348,160759,
SAMBHAL,659,899,2545,1254,193093,10,1013,806,198492,56,10052,419,173351,
SANT KABIR NAGAR,178,1509,5058,2231,311454,5,162,1043,329581,1085,291326,694,261866,
SHAHJAHANPUR,180,2080,5992,2305,467085,0,0,1693,302641,658,154693,1336,286130,
SHAMLI,660,293,1498,942,92518,1,58,238,74448,192,26165,125,70947,
Shrawasti,181,502,6811,4223,207068,1,7,739,196141,1497,32398,351,187848,
SIDDHARTHNAGAR,182,2362,9134,2500,305650,1315,191535,1938,283930,1494,214816,1887,290198,
SITAPUR,183,2293,8351,3650,698585,11,132,2538,560414,599,156692,1553,597701,
SONBHADRA,184,1388,6611,4854,284258,19,1538,766,192511,145,28554,827,205512,
SULTANPUR,185,1701,5987,3144,416524,7,23,1096,319838,648,57908,1092,359070,
UNNAO,186,1673,5933,3855,545123,18,828,889,357589,357,126221,814,363129,
VARANASI,187,1242,8795,3504,308435,12,617,1814,370902,1810,106058,1655,413643,
ALMORA,45,2131,5434,2483,124300,30,1797,457,24595,750,33948,1714,116021,
BAGESHWAR,46,821,2051,1076,19739,5,190,5,369,107,5764,858,43096,
CHAMOLI,47,1108,3504,1659,50373,5,123,13,891,1033,25466,794,38949,Uttrakhand
CHAMPAWAT,48,641,1140,637,23034,7,34,38,2167,49,3663,409,20159,
DEHRADUN,49,635,3132,869,74696,3,91,92,23461,1731,17713,437,40903,
HARIDWAR,50,465,889,38,4780,2,3,252,141698,346,127207,251,134816,
NAINITAL,51,1008,2113,1426,59978,43,329,33,6489,191,1830,420,43209,
Pauri Garhwal,52,2954,12424,4650,136487,41,1120,3393,138733,837,33389,3503,129451,
PITHORAGARH,53,1537,3653,2299,83775,1,2,38,6021,555,25068,760,56339,
Rudra Prayag,54,636,1664,773,47706,18,1187,30,2342,274,15299,569,32592,
TEHRI GARHWAL,55,1731,4821,2080,42508,37,546,125,6052,838,27104,1741,57183,
Udam Singh Nagar,56,600,1902,1171,174522,21,500,216,84256,123,32118,371,171167,
Uttar Kashi,57,664,2120,807,81881,28,1462,233,30850,264,15905,788,76241,
Alipurduar,664,333,1594,639,254280,2,700,319,193733,349,168006,285,164186,
BANKURA,305,3729,13205,4366,636350,67,5361,3335,600448,2133,326754,3304,573875,
BIRBHUM,307,2213,9575,3851,548401,2,815,2277,546883,936,87608,2509,526324,West Bengal
COOCH BEHAR,308,1151,825,318,240429,2,11,212,208321,142,116352,151,157703,
DAKSHIN DINAJPUR,310,1593,5514,2105,227451,5,1160,1467,219858,717,48926,1220,230100,
DARJEELING,309,541,1266,320,107703,2,2084,388,164043,124,56314,432,139627,
HOOGHLY,312,1904,8272,3282,583449,23,1523,2056,510514,809,157567,2102,510908,
HOWRAH,313,772,916,270,149664,13,7681,238,156756,193,95485,202,121650,
JALPAIGURI,314,404,1405,518,379294,0,0,388,305202,100,77432,399,316727,
JHARGRAM,703,2450,4078,1354,53561,15,384,1015,108482,687,27894,1007,92424,
KALIMPONG,702,103,262,48,4642,0,0,78,21393,59,3294,77,11709,
MALDA,316,1657,1306,368,101103,6,1645,512,98730,30,9054,390,79489,
MURSHIDABAD,319,1929,7724,2388,530480,13,1258,1715,1176558,2027,690342,1581,1034158,
NADIA,320,1264,4692,1478,723021,50,48522,1135,650786,964,400470,1065,598307,
North 24 Parganas,303,1585,955,360,217538,2,877,306,201931,41,11588,246,164228,
PASCHIM BARDHAMAN,704,373,921,210,75490,0,0,331,73468,47,8815,333,85836,
Paschim Medinipur,318,5024,1825,360,55367,18,8066,587,65394,309,26720,551,63497,
PURBA BARDHAMAN,306,2106,3607,1306,201739,34,4792,1391,423471,382,107045,494,125642,
Purba Medinipur,317,2923,2107,556,175628,24,5810,550,259574,584,143057,393,163121,
PURULIA,321,2593,9599,3042,564634,21,1070,2541,504455,1351,244311,2644,539550,
South 24 Parganas,304,2077,2045,515,300518,70,10532,636,441085,443,210223,381,261200,
UTTAR DINAJPUR,311,1471,6377,1708,443538,5,255,1555,363609,1515,376615,1594,402249,
TOTAL,298455,586382,2246151,956973,114142210,14230,1925265,518668,158762658,391741,61607051,364539,91362230,
